ACCT_CORE_OWNER_ROLE,BU,OU,,AOV BAND,,,,BU,OU,AF OU,DC OU,AF OU ACC,DC OU ACC,,,DATA CLOUD USAGE,,,Success Plan,AOV Band,,CL
AMER - ACC - CBS - CMRCL - GB - E - CHI,ACC,CBS,,$0,$999,10. <1K,,REG,FINS,*,ASEAN,*,*,,Structured Data,STREAMINGEST,1. CONNECT,,Basic,10. <1K,,*
AMER - ACC - CBS - CMRCL - GB - E - MTN,ACC,CBS,,"$1,000","$9,999",09. 1K-10K,,REG,HLS,,INDIA,,,,Structured Data,BATCHINGEST,1. CONNECT,,Premier,09. 1K-10K,,Aaron Stayman
AMER - ACC - CBS - CMRCL - GB - E - NYC,ACC,CBS,,"$10,000","$49,999",08. 10K-50K,,REG,CAN,,,,,,Unstructured Data,UNSTRUCTUREDDATAPROCESSED,1. CONNECT,,Signature,08. 10K-50K,,Abel Hernandez
AMER - ACC - CBS - CMRCL - GB - E - PNW,ACC,CBS,,"$50,000","$99,999",07. 50K-100K,,REG,*,,,,,,Data Sharing,DATASHARESACCESSED,1. CONNECT,,*,07. 50K-100K,,Adam Bacon
AMER - ACC - CBS - CMRCL - GB - W - ATX,ACC,CBS,,"$100,000","$499,999",06. 100K-500K,,ACC,TMT,,,,,,Data Sharing,DATASHARESCHANGED,1. CONNECT,,,06. 100K-500K,,Adam Rauh
AMER - ACC - CBS - CMRCL - GB - W - LAX,ACC,CBS,,"$500,000","$999,999",05. 500K-1M,,ACC,CBS,,,,,,Structured Data,INTERNALDATAPIPELINE,1. CONNECT,,,05. 500K-1M,,Alan Ferrari
AMER - ACC - CBS - CMRCL - GB - W - LAX - RVP,ACC,CBS,,"$1,000,000","$4,999,999",04. 1M-5M,,ACC,*,,,,,,Data Transforms,BATCHTRANSFORM,2. HARMONIZE,,,04. 1M-5M,,Amy Ng
AMER - ACC - CBS - CMRCL - GB - W - SCW,ACC,CBS,,"$5,000,000","$9,999,999",03. 5M-10M,,ICE,MAECG,,,,,,,Activate DMO - Streaming,2. HARMONIZE,,,03. 5M-10M,,Cameron Robert
AMER - ACC - CBS - CMRCL - GB - W - TXW,ACC,CBS,,"$10,000,000","$24,999,999",02. 10M-25M,,ICE,RCG,,,,,,Data Transforms,STREAMTRANSFORM,2. HARMONIZE,,,02. 10M-25M,,Charley Rabec
AMER - ACC - CBS - CMRCL - MM - E - DCV,ACC,CBS,,"$25,000,000","$9,999,999,999",01. >25M,,ICE,*,,,,,,Identity Resolution,BATCHPROFILEUNIFICATION,3. UNIFY,,,01. >25M,,Chelsea Cordova
AMER - ACC - CBS - CMRCL - MM - E - MDA,ACC,CBS,,,,,,UKI,*,,,,,,Calculated Insights,BATCHCI,4. ANALYZE & PREDICT,,,*,,Darral Wilson
AMER - ACC - CBS - CMRCL - MM - E - MDA - RVP,ACC,CBS,,,,,,FRANCE,*,,,,,,Calculated Insights,STREAMINGCI,4. ANALYZE & PREDICT,,,,,Dimitriy Marshall
AMER - ACC - CBS - CMRCL - MM - E - NED,ACC,CBS,,,,,,CENTRAL,*,,,,,,Data Queries,DATAQUERIES,4. ANALYZE & PREDICT,,,,,Elspeth Vu-Doan
AMER - ACC - CBS - CMRCL - MM - E - NYJ,ACC,CBS,,,,,,SOUTH,*,,,,,,Data Queries,ACCELERATEDQUERIES,4. ANALYZE & PREDICT,,,,,Jasmine Louie
AMER - ACC - CBS - CMRCL - MM - E - SES,ACC,CBS,,,,,,NORTH,*,,,,,,Activations,BATCHACTIVATIONPROCESSED,5. ACT,,,,,Jay Jang
AMER - ACC - CBS - CMRCL - MM - W - BOW,ACC,CBS,,,,,,ANZ,*,,,,,,Activations,STREAMINGACTIONS,5. ACT,,,,,Jennifer Cash
AMER - ACC - CBS - CMRCL - MM - W - GLK,ACC,CBS,,,,,,LATAM,*,,,,,,,REALTIMEPROFILEAPI,5. ACT,,,,,Jesus Sanchez
AMER - ACC - CBS - CMRCL - MM - W - MDW,ACC,CBS,,,,,,JP,*,,,,,,Segmentation,SEGMENTS,5. ACT,,,,,Josefina Thomas
AMER - ACC - CBS - CMRCL - MM - W - MWE,ACC,CBS,,,,,,SASIA,ASEAN,,,,,,,INFERENCEENGINE,5. ACT,,,,,Joseph Yan
AMER - ACC - CBS - CMRCL - MM - W - SCA,ACC,CBS,,,,,,SASIA,INDIA,,,,,,,SUBSECONDREALTIMEEVENTS,5. ACT,,,,,Joseph Zomayah
AMER - ACC - CBS - CMRCL - MM - W - TEX,ACC,CBS,,,,,,GPS,*,,,,,,,PRIVATECONNECTDATAPROCESSED,5. ACT,,,,,Josh Rosenthal
AMER - ACC - CBS - CMRCL - NL - CTX - GB,ACC,CBS,,,,,,SMB,*,,,,,,,,,,,,,Julie Jung
AMER - ACC - CBS - CMRCL - NL - CTX - MM,ACC,CBS,,,,,,*,*,,,,,,,,,,,,,Juliette Hunkeler
AMER - ACC - CBS - CMRCL - NL - MAT - MM,ACC,CBS,,,,,,,,,,,,,,,,,,,,Kamilla Ladeira
AMER - ACC - CBS - CMRCL - NL - NES - GB,ACC,CBS,,,,,,,,,,,,,,,,,,,,Katherine Mace
AMER - ACC - CBS - CMRCL - NL - WST - MM,ACC,CBS,,,,,,,,,,,,,,,,,,,,Katia Molino
AMER - ACC - CBS - CMRCL - TTH - GB - E,ACC,CBS,,,,,,,,,,,,,,,,,,,,Katie Dale
AMER - ACC - CBS - CMRCL - TTH - GB - W,ACC,CBS,,,,,,,,,,,,,,,,,,,,Kevin Mathew Galang
AMER - ACC - CBS - CMRCL - TTH - MM,ACC,CBS,,,,,,,,,,,,,,,,,,,,KHOS ISLAM
AMER - ACC - CBS - CMRCL - TTH - NL,ACC,CBS,,,,,,,,,,,,,,,,,,,,Krishna Manoja Jangala
AMER - ACC - CBS - ENTR - BizServ - A,ACC,CBS,,,,,,,,,,,,,,,,,,,,Kristin Zeke
AMER - ACC - CBS - ENTR - BizServ - B,ACC,CBS,,,,,,,,,,,,,,,,,,,,Lana Tayara
AMER - ACC - CBS - ENTR - BizServ - C,ACC,CBS,,,,,,,,,,,,,,,,,,,,Laura Garcia Diaz
AMER - ACC - CBS - ENTR - BizServ - D,ACC,CBS,,,,,,,,,,,,,,,,,,,,Leonardo Teren Bernal
AMER - ACC - CBS - ENTR - ENG,ACC,CBS,,,,,,,,,,,,,,,,,,,,Marina Quintanal
AMER - ACC - CBS - ENTR - ProServ - A,ACC,CBS,,,,,,,,,,,,,,,,,,,,Matt Nesci
AMER - ACC - CBS - ENTR - ProServ - B,ACC,CBS,,,,,,,,,,,,,,,,,,,,Matt Skelly
AMER - ACC - CBS - ENTR - ProServ - C,ACC,CBS,,,,,,,,,,,,,,,,,,,,Mirna Riad
AMER - ACC - CBS - ENTR - ProServ - D,ACC,CBS,,,,,,,,,,,,,,,,,,,,Nick Stevens
AMER - ACC - CBS - TTH - ENTR - HOSP,ACC,CBS,,,,,,,,,,,,,,,,,,,,Nicolas Gamallo
AMER - ACC - CBS - TTH - ENTR - TL,ACC,CBS,,,,,,,,,,,,,,,,,,,,Paritosh Sharma
AMER - ACC - CBS - TTH - ENTR - TRAV - A,ACC,CBS,,,,,,,,,,,,,,,,,,,,Pierrick Monard
AMER - ACC - CBS - TTH - ENTR - TRAV - B,ACC,CBS,,,,,,,,,,,,,,,,,,,,Rafael Escaño Marin
AMER - ACC - TMT - AMZ - KA - RVP,ACC,TMT,,,,,,,,,,,,,,,,,,,,Remigi Rageth
AMER - ACC - TMT - CMRCL - CNL - AVP,ACC,TMT,,,,,,,,,,,,,,,,,,,,Ryan Pence
AMER - ACC - TMT - CMRCL - CNL - CHI,ACC,TMT,,,,,,,,,,,,,,,,,,,,Saeed Ahmed
AMER - ACC - TMT - CMRCL - CNL - E,ACC,TMT,,,,,,,,,,,,,,,,,,,,Sam Elliott
AMER - ACC - TMT - CMRCL - CNL - MOH,ACC,TMT,,,,,,,,,,,,,,,,,,,,Sarah Almahmoud
AMER - ACC - TMT - CMRCL - CNL - SC,ACC,TMT,,,,,,,,,,,,,,,,,,,,Saranjeet Singh
AMER - ACC - TMT - CMRCL - CNL - WC,ACC,TMT,,,,,,,,,,,,,,,,,,,,Sehrish Masood
AMER - ACC - TMT - CMRCL - CNL - WC - RVP,ACC,TMT,,,,,,,,,,,,,,,,,,,,Severina Orozova
AMER - ACC - TMT - CMRCL - E - ATL,ACC,TMT,,,,,,,,,,,,,,,,,,,,Shankar Balasubramanian
AMER - ACC - TMT - CMRCL - E - BS1,ACC,TMT,,,,,,,,,,,,,,,,,,,,Silva Hauck
AMER - ACC - TMT - CMRCL - E - BS2,ACC,TMT,,,,,,,,,,,,,,,,,,,,Steven Vu
AMER - ACC - TMT - CMRCL - E - CAR,ACC,TMT,,,,,,,,,,,,,,,,,,,,Swati Bhalla
AMER - ACC - TMT - CMRCL - E - CAR - RVP,ACC,TMT,,,,,,,,,,,,,,,,,,,,Takemasa Tateno
AMER - ACC - TMT - CMRCL - E - NYB,ACC,TMT,,,,,,,,,,,,,,,,,,,,Taylor DiVincenzo
AMER - ACC - TMT - CMRCL - E - NYC,ACC,TMT,,,,,,,,,,,,,,,,,,,,Timothy Bonk
AMER - ACC - TMT - CMRCL - MT - C,ACC,TMT,,,,,,,,,,,,,,,,,,,,Tracey Coldewey
AMER - ACC - TMT - CMRCL - MT - NE,ACC,TMT,,,,,,,,,,,,,,,,,,,,Trang Sabel
AMER - ACC - TMT - CMRCL - MT - NW,ACC,TMT,,,,,,,,,,,,,,,,,,,,Vince Huck
AMER - ACC - TMT - CMRCL - MT - SE,ACC,TMT,,,,,,,,,,,,,,,,,,,,Vishal Patel
AMER - ACC - TMT - CMRCL - MT - SW,ACC,TMT,,,,,,,,,,,,,,,,,,,,Whitley Talmadge
AMER - ACC - TMT - CMRCL - NW - PNW,ACC,TMT
AMER - ACC - TMT - CMRCL - NW - SF1,ACC,TMT
AMER - ACC - TMT - CMRCL - NW - SF2,ACC,TMT
AMER - ACC - TMT - CMRCL - NW - SF3,ACC,TMT
AMER - ACC - TMT - CMRCL - NW - SF4,ACC,TMT
AMER - ACC - TMT - CMRCL - SW - LA1,ACC,TMT
AMER - ACC - TMT - CMRCL - SW - LA1,ACC,TMT
AMER - ACC - TMT - CMRCL - SW - LA1,ACC,TMT
AMER - ACC - TMT - CMRCL - SW - LA1,ACC,TMT
AMER - ACC - TMT - CMRCL - SW - LA1,ACC,TMT
AMER - ACC - TMT - CMRCL - SW - MTN,ACC,TMT
AMER - ACC - TMT - CMRCL - SW - SLC,ACC,TMT
AMER - ACC - TMT - CMRCL - SW - TX1,ACC,TMT
AMER - ACC - TMT - CMRCL - SW - TX1 - RVP,TMT,TMT
AMER - ACC - TMT - CMRCL - SW - TX2,ACC,TMT
AMER - ACC - TMT - ENTR - MT - E - MEDIA1,ACC,TMT
AMER - ACC - TMT - ENTR - MT - E - MEDIA2,ACC,TMT
AMER - ACC - TMT - ENTR - MT - E - MEDIA3,ACC,TMT
AMER - ACC - TMT - ENTR - MT - E - TELCO,ACC,TMT
AMER - ACC - TMT - ENTR - MT - E - TELCOGB,ACC,TMT
AMER - ACC - TMT - ENTR - TECH - E1 - NY1,ACC,TMT
AMER - ACC - TMT - ENTR - TECH - E1 - NY2GB,ACC,TMT
AMER - ACC - TMT - ENTR - TECH - E1 - NY3GB,ACC,TMT
AMER - ACC - TMT - ENTR - TECH - E1 - SE,ACC,TMT
AMER - ACC - TMT - ENTR - TECH - E2 - C1,ACC,TMT
AMER - ACC - TMT - ENTR - TECH - E2 - C2GB,ACC,TMT
AMER - ACC - TMT - ENTR - TECH - E2 - MDW,ACC,TMT
AMER - ACC - TMT - ENTR - TECH - E2 - NE1,ACC,TMT
AMER - ACC - TMT - ENTR - TECH - E2 - NE2GB,ACC,TMT
AMER - ACC - TMT - ENTR - TECH - W - AVP,ACC,TMT
AMER - ACC - TMT - ENTR - TECH - W - LA1,ACC,TMT
AMER - ACC - TMT - ENTR - TECH - W - LA2GB,ACC,TMT
AMER - ACC - TMT - ENTR - TECH - W - MNWGB,ACC,TMT
AMER - ACC - TMT - ENTR - TECH - W - SF1,ACC,TMT
AMER - ACC - TMT - ENTR - TECH - W - SF2GB,ACC,TMT
AMER - ACC - TMT - STRAT - MT - S - 01,ACC,TMT
AMER - ACC - TMT - STRAT - MT - S - 01,ACC,TMT
AMER - ACC - TMT - STRAT - MT - S - 02,ACC,TMT
AMER - ACC - TMT - STRAT - MT - S - 03,ACC,TMT
AMER - ACC - TMT - STRAT - MT - W - DIS - KA - RVP,ACC,TMT
AMER - ACC - TMT - STRAT - MT - W - MEDIA1,ACC,TMT
AMER - ACC - TMT - STRAT - MT - W - MEDIA2GB,ACC,TMT
AMER - ACC - TMT - STRAT - MT - W - TELCO1,ACC,TMT
AMER - ACC - TMT - STRAT - MT - W - TELCO2,ACC,TMT
AMER - ACC - TMT - STRAT - TECH - W1 - 01,ACC,TMT
AMER - ACC - TMT - STRAT - TECH - W1 - 02,ACC,TMT
AMER - ACC - TMT - STRAT - TECH - W1 - 03,ACC,TMT
AMER - ACC - TMT - STRAT - TECH - W1 - 04,ACC,TMT
AMER - ACC - TMT - STRAT - TECH - W1 - APL - KA - RVP,ACC,TMT
AMER - ACC - TMT - STRAT - TECH - W2 - 01,ACC,TMT
AMER - ACC - TMT - STRAT - TECH - W2 - 01 - RVP,ACC,TMT
AMER - ACC - TMT - STRAT - TECH - W2 - 02,ACC,TMT
AMER - ACC - TMT - STRAT - TECH - W2 - 03,ACC,TMT
AMER - ACC - TMT - STRAT - TECH - W2 - 03 - RVP,ACC,TMT
AMER - ACC - TMT - STRAT - TECH - W2 - META - KA - RVP,ACC,TMT
AMER - ACC - TMT - STRAT - TECH - W2 - NVID - KA - RVP,ACC,TMT
AMER - ICE - CMRCL - AUE - C - GB,ICE,MAE
AMER - ICE - CMRCL - AUE - NE - GB,ICE,MAE
AMER - ICE - CMRCL - AUE - NE - GB,ICE,MAE
AMER - ICE - CMRCL - AUE - NE - MM,ICE,MAE
AMER - ICE - CMRCL - AUE - SE - GB,ICE,MAE
AMER - ICE - CMRCL - AUE - SE - MM,ICE,MAE
AMER - ICE - CMRCL - AUE - W - GB,ICE,MAE
AMER - ICE - CMRCL - AUE - W - MM,ICE,MAE
AMER - ICE - CMRCL - AUE - W - MM,ICE,MAE
AMER - ICE - CMRCL - AUE - W - RVP,ICE,ICE
AMER - ICE - CMRCL - MFG - C - MII - GB,ICE,MAE
AMER - ICE - CMRCL - MFG - C - MII - MM,ICE,MAE
AMER - ICE - CMRCL - MFG - C - NL - MM,ICE,MAE
AMER - ICE - CMRCL - MFG - C - OWV - GB,ICE,MAE
AMER - ICE - CMRCL - MFG - C - OWV - MM,ICE,MAE
AMER - ICE - CMRCL - MFG - C - OWV - MM,ICE,MAE
AMER - ICE - CMRCL - MFG - C - SEC - GB,ICE,MAE
AMER - ICE - CMRCL - MFG - C - WIL - GB,ICE,MAE
AMER - ICE - CMRCL - MFG - C - WIL - MM,ICE,MAE
AMER - ICE - CMRCL - MFG - E - FLG - GB,ICE,MAE
AMER - ICE - CMRCL - MFG - E - FLG - MM,ICE,MAE
AMER - ICE - CMRCL - MFG - E - NJC - GB,ICE,MAE
AMER - ICE - CMRCL - MFG - E - NJC - MM,ICE,MAE
AMER - ICE - CMRCL - MFG - E - NL - MM,ICE,MAE
AMER - ICE - CMRCL - MFG - E - NNE - GB,ICE,MAE
AMER - ICE - CMRCL - MFG - E - NNE - MM,ICE,MAE
AMER - ICE - CMRCL - MFG - E - PMV - GB,ICE,MAE
AMER - ICE - CMRCL - MFG - E - PMV - MM,ICE,MAE
AMER - ICE - CMRCL - MFG - W - MWE - GB,ICE,MAE
AMER - ICE - CMRCL - MFG - W - MWE - MM,ICE,MAE
AMER - ICE - CMRCL - MFG - W - PNW - GB,ICE,MAE
AMER - ICE - CMRCL - MFG - W - PNW - MM,ICE,MAE
AMER - ICE - CMRCL - MFG - W - PSW - GB,ICE,MAE
AMER - ICE - CMRCL - MFG - W - PSW - MM,ICE,MAE
AMER - ICE - CMRCL - MFG - W - TXL - GB,ICE,MAE
AMER - ICE - CMRCL - MFG - W - TXL - MM,ICE,MAE
AMER - ICE - CMRCL - RCG - CG - MM - E,ICE,MAE
AMER - ICE - CMRCL - RCG - CG - MM - W,ICE,MAE
AMER - ICE - CMRCL - RCG - MM - NL,ICE,RCG
AMER - ICE - CMRCL - RCG - RETAIL - MM - E,ICE,RCG
AMER - ICE - CMRCL - RCG - RETAIL - MM - E,ICE,RCG
AMER - ICE - CMRCL - RCG - RETAIL - MM - E,ICE,RCG
AMER - ICE - CMRCL - RCG - RETAIL - MM - E,ICE,RCG
AMER - ICE - CMRCL - RCG - RETAIL - MM - E,ICE,RCG
AMER - ICE - CMRCL - RCG - RETAIL - MM - E,ICE,RCG
AMER - ICE - CMRCL - RCG - RETAIL - MM - E,ICE,RCG
AMER - ICE - CMRCL - RCG - RETAIL - MM - W,ICE,MAE
AMER - ICE - ENTR - MAE - AUTO - C,ICE,MAE
AMER - ICE - ENTR - MAE - AUTO - E,ICE,MAE
AMER - ICE - ENTR - MAE - AUTO - E,ICE,MAE
AMER - ICE - ENTR - MAE - AUTO - E,ICE,MAE
AMER - ICE - ENTR - MAE - AUTO - E,ICE,MAE
AMER - ICE - ENTR - MAE - AUTO - E,ICE,MAE
AMER - ICE - ENTR - MAE - AUTO - E,ICE,MAE
AMER - ICE - ENTR - MAE - AUTO - W,ICE,MAE
AMER - ICE - ENTR - MAE - MFG - E - EMRG - E,ICE,MAE
AMER - ICE - ENTR - MAE - MFG - E - INSTL - 1,ICE,MAE
AMER - ICE - ENTR - MAE - MFG - E - INSTL - 2,ICE,MAE
AMER - ICE - ENTR - MAE - MFG - E - INSTL - 3,ICE,MAE
AMER - ICE - ENTR - MAE - MFG - E - INSTL - 4,ICE,MAE
AMER - ICE - ENTR - MAE - MFG - W - EMRG - C,ICE,MAE
AMER - ICE - ENTR - MAE - MFG - W - EMRG - W,ICE,MAE
AMER - ICE - ENTR - MAE - MFG - W - INSTL - 1,ICE,MAE
AMER - ICE - ENTR - MAE - MFG - W - INSTL - 2,ICE,MAE
AMER - ICE - ENTR - MAE - MFG - W - INSTL - 3,ICE,MAE
AMER - ICE - ENTR - MAE - MFG - W - INSTL - 4,ICE,MAE
AMER - ICE - ENTR - MAE - UE - ENERGY - 1,ICE,MAE
AMER - ICE - ENTR - MAE - UE - ENERGY - 2,ICE,MAE
AMER - ICE - ENTR - MAE - UE - UTIL - E,ICE,MAE
AMER - ICE - ENTR - MAE - UE - UTIL - W,ICE,MAE
AMER - ICE - ENTR - RCG - CG - FMCG - 01,ICE,RCG
AMER - ICE - ENTR - RCG - CG - FMCG - 01,ICE,RCG
AMER - ICE - ENTR - RCG - CG - FMCG - 01,ICE,RCG
AMER - ICE - ENTR - RCG - CG - FMCG - 02,ICE,RCG
AMER - ICE - ENTR - RCG - CG - FMCG - 03,ICE,RCG
AMER - ICE - ENTR - RCG - CG - FMCG - 04,ICE,RCG
AMER - ICE - ENTR - RCG - CG - FMCG - MARS - KA - RVP,ICE,RCG
AMER - ICE - ENTR - RCG - CG - HMDU - C1,ICE,RCG
AMER - ICE - ENTR - RCG - CG - HMDU - E1,ICE,RCG
AMER - ICE - ENTR - RCG - CG - HMDU - E2,ICE,RCG
AMER - ICE - ENTR - RCG - CG - HMDU - W1,ICE,RCG
AMER - ICE - ENTR - RCG - CG - HMDU - W2,ICE,RCG
AMER - ICE - ENTR - RCG - Retail - ENTR - EA,ICE,RCG
AMER - ICE - ENTR - RCG - Retail - ENTR - NC,ICE,RCG
AMER - ICE - ENTR - RCG - Retail - ENTR - SC,ICE,RCG
AMER - ICE - ENTR - RCG - Retail - ENTR - WE,ICE,RCG
AMER - ICE - ENTR - RCG - Retail - STRAT - 01,ICE,RCG
AMER - ICE - ENTR - RCG - Retail - STRAT - 02,ICE,RCG
AMER - ICE - ENTR - RCG - Retail - STRAT - 03,ICE,RCG
AMER - MyPatchHold,OTHER,OTHER
AMER - MyPatchHold,OTHER,OTHER
AMER - MyPatchHold,OTHER,OTHER
AMER - REG - CAN - AIC - ENTR,REG,CAN
AMER - REG - CAN - AIC - GB - C,REG,CAN
AMER - REG - CAN - AIC - GB - E,REG,CAN
AMER - REG - CAN - AIC - HLS,REG,CAN
AMER - REG - CAN - AIC - MM - C,REG,CAN
AMER - REG - CAN - AIC - MM - CE,REG,CAN
AMER - REG - CAN - AIC - MMGB - C,REG,CAN
AMER - REG - CAN - AIC - MMGB - W,REG,CAN
AMER - REG - CAN - MAE - ENTR1,REG,CAN
AMER - REG - CAN - MAE - ENTR1 - RVP,ICE,MAE
AMER - REG - CAN - MAE - ENTR2,ICE,MAE
AMER - REG - CAN - MAE - ENTR2,ICE,MAE
AMER - REG - CAN - MAE - ENTR2,ICE,MAE
AMER - REG - CAN - MAE - GB,REG,CAN
AMER - REG - CAN - MAE - MM,REG,CAN
AMER - REG - CAN - RCG - CMRCL,REG,CAN
AMER - REG - CAN - RCG - ENTR,REG,CAN
AMER - REG - CAN - RCG - ENTR - RVP,ICE,RCG
AMER - REG - CAN - RCG - STRAT,REG,CAN
AMER - REG - CAN - TELCO,REG,CAN
AMER - REG - FINS - ENTR - BW - A,REG,FINS
AMER - REG - FINS - ENTR - BW - B,REG,FINS
AMER - REG - FINS - ENTR - BW - C,REG,FINS
AMER - REG - FINS - ENTR - BW - D,REG,FINS
AMER - REG - FINS - ENTR - CAN - A,REG,FINS
AMER - REG - FINS - ENTR - CAN - A,REG,FINS
AMER - REG - FINS - ENTR - CAN - A,REG,FINS
AMER - REG - FINS - ENTR - CAN - A,REG,FINS
AMER - REG - FINS - ENTR - CAN - A,REG,FINS
AMER - REG - FINS - ENTR - CAN - A,REG,FINS
AMER - REG - FINS - ENTR - CAN - A,REG,FINS
AMER - REG - FINS - ENTR - CAN - B,REG,FINS
AMER - REG - FINS - ENTR - CAN - C,REG,FINS
AMER - REG - FINS - ENTR - INS - A,REG,FINS
AMER - REG - FINS - ENTR - INS - B,REG,FINS
AMER - REG - FINS - ENTR - INS - B,REG,FINS
AMER - REG - FINS - ENTR - INS - B,REG,FINS
AMER - REG - FINS - ENTR - INS - B,REG,FINS
AMER - REG - FINS - ENTR - INS - B,REG,FINS
AMER - REG - FINS - ENTR - INS - B,REG,FINS
AMER - REG - FINS - ENTR - INS - C,REG,FINS
AMER - REG - FINS - ENTR - INS - D,REG,FINS
AMER - REG - FINS - ENTR - INS - GB - E,REG,FINS
AMER - REG - FINS - ENTR - INS - GB - E,REG,FINS
AMER - REG - FINS - ENTR - INS - GB - W,REG,FINS
AMER - REG - FINS - ENTR - INS - GB - W - RVP,REG,FINS
AMER - REG - FINS - JPCT - KA - RVP,REG,FINS
AMER - REG - FINS - MMGB - GB - E - BW - A,REG,FINS
AMER - REG - FINS - MMGB - GB - E - BW - B,REG,FINS
AMER - REG - FINS - MMGB - GB - E - BW - C,REG,FINS
AMER - REG - FINS - MMGB - GB - E - BW - D,REG,FINS
AMER - REG - FINS - MMGB - GB - E - CAN,REG,FINS
AMER - REG - FINS - MMGB - GB - W - BW - A,REG,FINS
AMER - REG - FINS - MMGB - GB - W - BW - B,REG,FINS
AMER - REG - FINS - MMGB - GB - W - BW - C,REG,FINS
AMER - REG - FINS - MMGB - GB - W - BW - D,REG,FINS
AMER - REG - FINS - MMGB - GB - W - BW - E,REG,FINS
AMER - REG - FINS - MMGB - GB - W - BW - F,REG,FINS
AMER - REG - FINS - MMGB - MM - E - BW - A,REG,FINS
AMER - REG - FINS - MMGB - MM - E - BW - B,REG,FINS
AMER - REG - FINS - MMGB - MM - E - BW - C,REG,FINS
AMER - REG - FINS - MMGB - MM - E - CAN,REG,FINS
AMER - REG - FINS - MMGB - MM - E - INS,REG,FINS
AMER - REG - FINS - MMGB - MM - W - BW - A,REG,FINS
AMER - REG - FINS - MMGB - MM - W - BW - B,REG,FINS
AMER - REG - FINS - MMGB - MM - W - BW - C,REG,FINS
AMER - REG - FINS - MMGB - MM - W - BW - D,REG,FINS
AMER - REG - FINS - MMGB - MM - W - BW - E,REG,FINS
AMER - REG - FINS - MMGB - MM - W - INS,REG,FINS
AMER - REG - FINS - STRAT - BW - S1 - A,REG,FINS
AMER - REG - FINS - STRAT - BW - S1 - B,REG,FINS
AMER - REG - FINS - STRAT - BW - S1 - B,REG,FINS
AMER - REG - FINS - STRAT - BW - S1 - B,REG,FINS
AMER - REG - FINS - STRAT - BW - S2 - A,REG,FINS
AMER - REG - FINS - STRAT - BW - S2 - B,REG,FINS
AMER - REG - FINS - STRAT - BW - S2 - C,REG,FINS
AMER - REG - FINS - STRAT - INS - S1,REG,FINS
AMER - REG - FINS - STRAT - INS - S2,REG,FINS
AMER - REG - HLS - CMRCL - MED - MW,REG,HLS
AMER - REG - HLS - CMRCL - MED - NCA,REG,HLS
AMER - REG - HLS - CMRCL - MED - NE,REG,HLS
AMER - REG - HLS - CMRCL - MED - SCA,REG,HLS
AMER - REG - HLS - CMRCL - PHARMA - CEN,REG,HLS
AMER - REG - HLS - CMRCL - PHARMA - NE,REG,HLS
AMER - REG - HLS - CMRCL - PHARMA - SOU,REG,HLS
AMER - REG - HLS - CMRCL - PHARMA - WEST,REG,HLS
AMER - REG - HLS - CMRCL - PROV - EAST - NE,REG,HLS
AMER - REG - HLS - CMRCL - PROV - EAST - SET,REG,HLS
AMER - REG - HLS - CMRCL - PROV - EAST - SOU,REG,HLS
AMER - REG - HLS - CMRCL - PROV - EAST - TEX,REG,HLS
AMER - REG - HLS - CMRCL - PROV - WEST - MW,REG,HLS
AMER - REG - HLS - CMRCL - PROV - WEST - NCA,REG,HLS
AMER - REG - HLS - CMRCL - PROV - WEST - SCA,REG,HLS
AMER - REG - HLS - HC - PAY - ENTR - CENTRAL,REG,HLS
AMER - REG - HLS - HC - PAY - ENTR - CENTRAL - RVP,REG,HLS
AMER - REG - HLS - HC - PAY - ENTR - NORTHEAST,REG,HLS
AMER - REG - HLS - HC - PAY - ENTR - SOUTH,REG,HLS
AMER - REG - HLS - HC - PROV - ENTR - CENTRAL,REG,HLS
AMER - REG - HLS - HC - PROV - ENTR - NORTHEAST,REG,HLS
AMER - REG - HLS - HC - PROV - ENTR - SOUTH,REG,HLS
AMER - REG - HLS - HC - PROV - ENTR - WEST,REG,HLS
AMER - REG - HLS - HC - STRAT - PAY,REG,HLS
AMER - REG - HLS - HC - STRAT - PAY - KA - CVS - RVP,REG,HLS
AMER - REG - HLS - HC - WEST - PAY,REG,HLS
AMER - REG - HLS - LS - ENTR - A - BL,REG,HLS
AMER - REG - HLS - LS - ENTR - A - CD,REG,HLS
AMER - REG - HLS - LS - ENTR - A - NA,REG,HLS
AMER - REG - HLS - LS - ENTR - A - SH,REG,HLS
AMER - REG - HLS - LS - ENTR - B - JM,REG,HLS
AMER - REG - HLS - LS - ENTR - B - MA,REG,HLS
AMER - REG - HLS - LS - ENTR - B - TC,REG,HLS
AMER - REG - HLS - LS - ENTR - B - WT,REG,HLS
AMER - REG - HLS - LS - ENTR - JNJ - KA - RVP,REG,HLS
AMER - REG - HLS - LS - ENTR - PFE - KA - RVP,REG,HLS
ANZ - AU - CMRCL - FINS,ANZ,ANZ
ANZ - AU - CMRCL - NORTH - 01 - GB,ANZ,ANZ
ANZ - AU - CMRCL - NORTH - 02 - GB,ANZ,ANZ
ANZ - AU - CMRCL - NORTH - 03 - MM,ANZ,ANZ
ANZ - AU - CMRCL - NORTH - 04 - MM,ANZ,ANZ
ANZ - AU - CMRCL - QLD - WA,ANZ,ANZ
ANZ - AU - CMRCL - SOUTH - 01 - GB,ANZ,ANZ
ANZ - AU - CMRCL - SOUTH - 02 - MM,ANZ,ANZ
ANZ - AU - ENTR - CMTE - CMT,ANZ,ANZ
ANZ - AU - ENTR - CMTE - ENU,ANZ,ANZ
ANZ - AU - ENTR - CMTE - TLS,ANZ,ANZ
ANZ - AU - ENTR - FINS - ANZ,ANZ,ANZ
ANZ - AU - ENTR - FINS - BANKING - WEALTH,ANZ,ANZ
ANZ - AU - ENTR - FINS - BIGBANKS,ANZ,ANZ
ANZ - AU - ENTR - FINS - INS - LENDING,ANZ,ANZ
ANZ - AU - ENTR - IND - 01,ANZ,ANZ
ANZ - AU - ENTR - IND - 02,ANZ,ANZ
ANZ - AU - ENTR - IND - RETAIL,ANZ,ANZ
ANZ - AU - ENTR - IND - WOW,ANZ,ANZ
ANZ - NZ - CMRCL - 01,ANZ,ANZ
ANZ - NZ - CMRCL - 02,ANZ,ANZ
ANZ - NZ - ENTR,ANZ,ANZ
ANZ - SMB - AU - GRB - 01 - NSW - HUNTER,ANZ,ANZ
ANZ - SMB - AU - GRB - 01 - NSW - QLD - NT,ANZ,ANZ
ANZ - SMB - AU - GRB - 01 - NSW - VIC - SA,ANZ,ANZ
ANZ - SMB - AU - GRB - 01 - NSW - VIC - TAS,ANZ,ANZ
ANZ - SMB - AU - GRB - 01 - NSW - WA - ACT,ANZ,ANZ
ANZ - SMB - AU - GRB - 02 - FINS,ANZ,ANZ
ANZ - SMB - AU - GRB - 02 - GEOS - 01,ANZ,ANZ
ANZ - SMB - AU - GRB - 02 - GEOS - 02,ANZ,ANZ
ANZ - SMB - ESB - 01,ANZ,ANZ
ANZ - SMB - ESB - 02,ANZ,ANZ
ANZ - SMB - ESB - 02 - MGR,ANZ,ANZ
ANZ - SMB - ESB - 03,ANZ,ANZ
ANZ - SMB - ESB - SELFSERVE,ANZ,ANZ
ANZ - SMB - NZ - GRB,ANZ,ANZ
AS - SMB - LATAM - ESB - GRW - POOL,SMB,SMB
AS - SMB - LATAM - ESB - MX - POOL,SMB,SMB
BDR - LATAM - SD - BDR - BR - CBU1,LATAM,LATAM
DIGI-BDR - EMEA - SOUTH - IL,SOUTH,SOUTH
EMEA - CENTRAL - AT - CMRCL - GB,CENTRAL,CENTRAL
EMEA - CENTRAL - AT - CMRCL - MM,CENTRAL,CENTRAL
EMEA - CENTRAL - AT - ENTR,CENTRAL,CENTRAL
EMEA - CENTRAL - CH - CBU - MIX1,CENTRAL,CENTRAL
EMEA - CENTRAL - CH - CBU - MIX2,CENTRAL,CENTRAL
EMEA - CENTRAL - CH - CBU - MIX2 - RSD,CENTRAL,CENTRAL
EMEA - CENTRAL - CH - CBU - MIX2 - RSD,CENTRAL,CENTRAL
EMEA - CENTRAL - CH - CBU - MIX3,CENTRAL,CENTRAL
EMEA - CENTRAL - CH - EBU1 - FINS,CENTRAL,CENTRAL
EMEA - CENTRAL - CH - EBU1 - HLS - GRO,CENTRAL,CENTRAL
EMEA - CENTRAL - CH - EBU1 - HLS - TOP,CENTRAL,CENTRAL
EMEA - CENTRAL - CH - EBU1 - MIX,CENTRAL,CENTRAL
EMEA - CENTRAL - CH - EBU2 - MFG - GRO,CENTRAL,CENTRAL
EMEA - CENTRAL - CH - EBU2 - MFG - TOP,CENTRAL,CENTRAL
EMEA - CENTRAL - CH - EBU2 - RET1,CENTRAL,CENTRAL
EMEA - CENTRAL - CH - EBU2 - RET2,CENTRAL,CENTRAL
EMEA - CENTRAL - DE - CMRCL - MM - BER,CENTRAL,CENTRAL
EMEA - CENTRAL - DE - CMRCL - MM - DUS,CENTRAL,CENTRAL
EMEA - CENTRAL - DE - CMRCL - MM - FRA,CENTRAL,CENTRAL
EMEA - CENTRAL - DE - CMRCL - MM - HHB,CENTRAL,CENTRAL
EMEA - CENTRAL - DE - CMRCL - MM - MUC,CENTRAL,CENTRAL
EMEA - CENTRAL - DE - V1 - MAE - HUNT,CENTRAL,CENTRAL
EMEA - CENTRAL - DE - V1 - MAE - MAE1,CENTRAL,CENTRAL
EMEA - CENTRAL - DE - V1 - MAE - MAE2,CENTRAL,CENTRAL
EMEA - CENTRAL - DE - V1 - MAE - MAE3,CENTRAL,CENTRAL
EMEA - CENTRAL - DE - V1 - MBG - KA - RSD,CENTRAL,CENTRAL
EMEA - CENTRAL - DE - V1 - SIE - KA - RVP,CENTRAL,CENTRAL
EMEA - CENTRAL - DE - V1 - TS - HUNT,CENTRAL,CENTRAL
EMEA - CENTRAL - DE - V1 - TS - SER1,CENTRAL,CENTRAL
EMEA - CENTRAL - DE - V1 - TS - SER2,CENTRAL,CENTRAL
EMEA - CENTRAL - DE - V1 - TS - TECH,CENTRAL,CENTRAL
EMEA - CENTRAL - DE - V1 - VW - KA - RSD,CENTRAL,CENTRAL
EMEA - CENTRAL - DE - V2 - FIN - BANK,CENTRAL,CENTRAL
EMEA - CENTRAL - DE - V2 - FIN - BANK,CENTRAL,CENTRAL
EMEA - CENTRAL - DE - V2 - FIN - INS,CENTRAL,CENTRAL
EMEA - CENTRAL - DE - V2 - FIN - INS - RSD,CENTRAL,CENTRAL
EMEA - CENTRAL - DE - V2 - FIN - TOP,CENTRAL,CENTRAL
EMEA - CENTRAL - DE - V2 - HLS - MED,CENTRAL,CENTRAL
EMEA - CENTRAL - DE - V2 - HLS - PHARMA,CENTRAL,CENTRAL
EMEA - CENTRAL - DE - V2 - HLS - TOP,CENTRAL,CENTRAL
EMEA - CENTRAL - DE - V2 - HUNT,CENTRAL,CENTRAL
EMEA - CENTRAL - DE - V2 - RCGCM - CM,CENTRAL,CENTRAL
EMEA - CENTRAL - DE - V2 - RCGCM - RCG - KEY,CENTRAL,CENTRAL
EMEA - CENTRAL - DE - V2 - RCGCM - RCG - TOP,CENTRAL,CENTRAL
EMEA - CENTRAL - DE - V2 - STRAT,CENTRAL,CENTRAL
EMEA - FRANCE - IND - ETP - ETC - ENY - ENTR,FRANCE,FRANCE
EMEA - FRANCE - IND - ETP - ETC - TLC - ENTR,FRANCE,FRANCE
EMEA - FRANCE - IND - ETP - TMP - PSV - ENTR,FRANCE,FRANCE
EMEA - FRANCE - IND - ETP - TMP - PSV - ENTR - RVP,FRANCE,FRANCE
EMEA - FRANCE - IND - ETP - TMP - PSV - GB,FRANCE,FRANCE
EMEA - FRANCE - IND - ETP - TMP - TCM - ENTR,FRANCE,FRANCE
EMEA - FRANCE - IND - ETP - TMP - TCM - GB,FRANCE,FRANCE
EMEA - FRANCE - IND - ETP - TMP - TCM - GB - RVP,FRANCE,FRANCE
EMEA - FRANCE - IND - FIN - BNK - ENTR,FRANCE,FRANCE
EMEA - FRANCE - IND - FIN - GB,FRANCE,FRANCE
EMEA - FRANCE - IND - FIN - INS - ENTR,FRANCE,FRANCE
EMEA - FRANCE - IND - MFG - AEM - ENTR,FRANCE,FRANCE
EMEA - FRANCE - IND - MFG - AUT - ENTR,FRANCE,FRANCE
EMEA - FRANCE - IND - MFG - DMF - ENTR,FRANCE,FRANCE
EMEA - FRANCE - IND - MFG - GB,FRANCE,FRANCE
EMEA - FRANCE - IND - MMR - MMF - HTC - MM,FRANCE,FRANCE
EMEA - FRANCE - IND - MMR - MMF - MFN - MM,FRANCE,FRANCE
EMEA - FRANCE - IND - MMR - MMF - RCG - MM,FRANCE,FRANCE
EMEA - FRANCE - IND - MMR - MMF - SRV - MM,FRANCE,FRANCE
EMEA - FRANCE - IND - MMR - REG - CEN - GB,FRANCE,FRANCE
EMEA - FRANCE - IND - MMR - REG - CEN - WST - GB,FRANCE,FRANCE
EMEA - FRANCE - IND - MMR - REG - NTH - GB,FRANCE,FRANCE
EMEA - FRANCE - IND - MMR - REG - STH - GB,FRANCE,FRANCE
EMEA - FRANCE - IND - RCH - LUX - ENTR,FRANCE,FRANCE
EMEA - FRANCE - IND - RCH - NFD - ENTR,FRANCE,FRANCE
EMEA - FRANCE - IND - RCH - SANOFI - KA - RVP,FRANCE,FRANCE
EMEA - FRANCE - IND - RCH - SANOFI - KA - RVP,FRANCE,FRANCE
EMEA - FRANCE - IND - RCH - SANOFI - KA - RVP,FRANCE,FRANCE
EMEA - FRANCE - IND - RCH - SANOFI - KA - RVP,FRANCE,FRANCE
EMEA - FRANCE - IND - RCH - SANOFI - KA - RVP,FRANCE,FRANCE
EMEA - FRANCE - IND - RCH - SCA - FOD - ENTR,FRANCE,FRANCE
EMEA - FRANCE - IND - RCH - SCA - HLS - ENTR,FRANCE,FRANCE
EMEA - FRANCE - IND - RCH - SCA - RCH - GB,FRANCE,FRANCE
EMEA - FRANCE - IND - TTE - ELT - ENTR,FRANCE,FRANCE
EMEA - FRANCE - IND - TTE - TTH - ENTR,FRANCE,FRANCE
EMEA - FRANCE - IND - TTE - TTH - ENTR - RVP,FRANCE,FRANCE
EMEA - FRANCE - IND - TTE - TTH - GB,FRANCE,FRANCE
EMEA - NORTH - BELUX - CMRCL - MM,NORTH,NORTH
EMEA - NORTH - BELUX - CMRCL - MM - RSD,NORTH,NORTH
EMEA - NORTH - BELUX - ENTR - 01,NORTH,NORTH
EMEA - NORTH - BELUX - ENTR - 01 - RSD,NORTH,NORTH
EMEA - NORTH - BELUX - ENTR - FIN - CMT,NORTH,NORTH
EMEA - NORTH - BELUX - ENTR - MAE,NORTH,NORTH
EMEA - NORTH - BELUX - ENTR - PRO - HLS,NORTH,NORTH
EMEA - NORTH - NL - CMRCL - 01,NORTH,NORTH
EMEA - NORTH - NL - CMRCL - 02,NORTH,NORTH
EMEA - NORTH - NL - CMRCL - 03,NORTH,NORTH
EMEA - NORTH - NL - ENTR - CMT - HLS,NORTH,NORTH
EMEA - NORTH - NL - ENTR - CMT - HLS - RVP,NORTH,NORTH
EMEA - NORTH - NL - ENTR - FIN - PRO,NORTH,NORTH
EMEA - NORTH - NL - ENTR - FIN - PRO,NORTH,NORTH
EMEA - NORTH - NL - ENTR - FIN - PRO,NORTH,NORTH
EMEA - NORTH - NL - ENTR - FIN - PRO,NORTH,NORTH
EMEA - NORTH - NL - ENTR - MAE,NORTH,NORTH
EMEA - NORTH - NL - ENTR - TTH - RCG,NORTH,NORTH
EMEA - NORTH - NOR - DK - CMRCL,NORTH,NORTH
EMEA - NORTH - NOR - DK - ENTR - FIN - RCG,NORTH,NORTH
EMEA - NORTH - NOR - DK - ENTR - MAE - GEN,NORTH,NORTH
EMEA - NORTH - NOR - DK - ENTR - STRAT,NORTH,NORTH
EMEA - NORTH - NOR - FI - CMRCL - GB,NORTH,NORTH
EMEA - NORTH - NOR - FI - CMRCL - MM,NORTH,NORTH
EMEA - NORTH - NOR - FI - ENTR - GEN,NORTH,NORTH
EMEA - NORTH - NOR - FI - ENTR - MAE,NORTH,NORTH
EMEA - NORTH - NOR - NO - CMRCL,NORTH,NORTH
EMEA - NORTH - NOR - NO - ENTR - 01,NORTH,NORTH
EMEA - NORTH - NOR - NO - ENTR - 02,NORTH,NORTH
EMEA - NORTH - NOR - SE - CMRCL - 01,NORTH,NORTH
EMEA - NORTH - NOR - SE - CMRCL - 02,NORTH,NORTH
EMEA - NORTH - NOR - SE - ENTR - FIN - GEN,NORTH,NORTH
EMEA - NORTH - NOR - SE - ENTR - MAE,NORTH,NORTH
EMEA - NORTH - NOR - SE - ENTR - RCG,NORTH,NORTH
EMEA - SOUTH - EGM - AFR - AGM,SOUTH,SOUTH
EMEA - SOUTH - EGM - AFR - ZA - CMRCL,SOUTH,SOUTH
EMEA - SOUTH - EGM - AFR - ZA - ENTR,SOUTH,SOUTH
EMEA - SOUTH - EGM - EEM - CEE - CMRCL,SOUTH,SOUTH
EMEA - SOUTH - EGM - EEM - CEE - CMRCL,SOUTH,SOUTH
EMEA - SOUTH - EGM - EEM - CEE - CMRCL,SOUTH,SOUTH
EMEA - SOUTH - EGM - EEM - CEE - CMRCL,SOUTH,SOUTH
EMEA - SOUTH - EGM - EEM - CEE - CMRCL,SOUTH,SOUTH
EMEA - SOUTH - EGM - EEM - CEE - CMRCL,SOUTH,SOUTH
EMEA - SOUTH - EGM - EEM - CEE - CMRCL,SOUTH,SOUTH
EMEA - SOUTH - EGM - EEM - CEE - CMRCL,SOUTH,SOUTH
EMEA - SOUTH - EGM - EEM - CEE - CMRCL,SOUTH,SOUTH
EMEA - SOUTH - EGM - EEM - CEE - ENTR,SOUTH,SOUTH
EMEA - SOUTH - EGM - EEM - MED,SOUTH,SOUTH
EMEA - SOUTH - EGM - EEM - MED,SOUTH,SOUTH
EMEA - SOUTH - EGM - EEM - MED,SOUTH,SOUTH
EMEA - SOUTH - EGM - EEM - MED,SOUTH,SOUTH
EMEA - SOUTH - EGM - EEM - MED,SOUTH,SOUTH
EMEA - SOUTH - EGM - EEM - MED,SOUTH,SOUTH
EMEA - SOUTH - EGM - EEM - MED,SOUTH,SOUTH
EMEA - SOUTH - EGM - EEM - MED,SOUTH,SOUTH
EMEA - SOUTH - EGM - EEM - MED,SOUTH,SOUTH
EMEA - SOUTH - EGM - EEM - MED,SOUTH,SOUTH
EMEA - SOUTH - EGM - EEM - MED,SOUTH,SOUTH
EMEA - SOUTH - EGM - EEM - SEE,SOUTH,SOUTH
EMEA - SOUTH - EGM - EEM - TGR,SOUTH,SOUTH
EMEA - SOUTH - EGM - IL - CMRCL,SOUTH,SOUTH
EMEA - SOUTH - EGM - IL - ENTR,SOUTH,SOUTH
EMEA - SOUTH - EGM - IL - HT,SOUTH,SOUTH
EMEA - SOUTH - EGM - IL - PS,SOUTH,SOUTH
EMEA - SOUTH - IB - ES - IND - CBU - GB - 1,SOUTH,SOUTH
EMEA - SOUTH - IB - ES - IND - CBU - GB - 2,SOUTH,SOUTH
EMEA - SOUTH - IB - ES - IND - CBU - GB - 2 - RVP,SOUTH,SOUTH
EMEA - SOUTH - IB - ES - IND - CBU - MM,SOUTH,SOUTH
EMEA - SOUTH - IB - ES - IND - EBU - CAT,SOUTH,SOUTH
EMEA - SOUTH - IB - ES - IND - EBU - CEN - 1,SOUTH,SOUTH
EMEA - SOUTH - IB - ES - IND - EBU - CEN - 2,SOUTH,SOUTH
EMEA - SOUTH - IB - ES - KEY - FINS,SOUTH,SOUTH
EMEA - SOUTH - IB - ES - KEY - GNAM,SOUTH,SOUTH
EMEA - SOUTH - IB - ES - KEY - TEUT,SOUTH,SOUTH
EMEA - SOUTH - IB - PT - CBU,SOUTH,SOUTH
EMEA - SOUTH - IB - PT - EBU,SOUTH,SOUTH
EMEA - SOUTH - IT - B2C - FER,SOUTH,SOUTH
EMEA - SOUTH - IT - B2C - FER,SOUTH,SOUTH
EMEA - SOUTH - IT - B2C - RET,SOUTH,SOUTH
EMEA - SOUTH - IT - B2C - TTT,SOUTH,SOUTH
EMEA - SOUTH - IT - CBU - CPG,SOUTH,SOUTH
EMEA - SOUTH - IT - CBU - HLS,SOUTH,SOUTH
EMEA - SOUTH - IT - CBU - HLS,SOUTH,SOUTH
EMEA - SOUTH - IT - CBU - HLS,SOUTH,SOUTH
EMEA - SOUTH - IT - CBU - MNO,SOUTH,SOUTH
EMEA - SOUTH - IT - CBU - MSO,SOUTH,SOUTH
EMEA - SOUTH - IT - CBU - RET,SOUTH,SOUTH
EMEA - SOUTH - IT - FIN - BAN,SOUTH,SOUTH
EMEA - SOUTH - IT - FIN - INS,SOUTH,SOUTH
EMEA - SOUTH - IT - MAE - MAN,SOUTH,SOUTH
EMEA - SOUTH - IT - MAE - UNO,SOUTH,SOUTH
EMEA - SOUTH - IT - MAE - USO,SOUTH,SOUTH
EMEA - SOUTH - IT - MAE - USO - RSD,SOUTH,SOUTH
EMEA - SOUTH - ME - GROW,SOUTH,SOUTH
EMEA - SOUTH - ME - IND1,SOUTH,SOUTH
EMEA - SOUTH - ME - IND2,SOUTH,SOUTH
EMEA - SOUTH - ME - IND2 - RVP,SOUTH,SOUTH
EMEA - SOUTH - ME - IND3,SOUTH,SOUTH
EMEA - SOUTH - ME - IND3,SOUTH,SOUTH
EMEA - SOUTH - ME - KSA,SOUTH,SOUTH
EMEA - SOUTH - ME - KSA,SOUTH,SOUTH
EMEA - SOUTH - ME - KSA,SOUTH,SOUTH
GCR - CN,GCR,GCR
GCR - CN,GCR,GCR
GCR - CN,GCR,GCR
GCR - HK,GCR,GCR
JP - FS - EBU1 - BTC1 - CPGHLS,JP,JP
JP - FS - EBU1 - BTC1 - GB,JP,JP
JP - FS - EBU1 - BTC1 - PRSV,JP,JP
JP - FS - EBU1 - BTC1 - UTL,JP,JP
JP - FS - EBU1 - BTC2 - CRE,JP,JP
JP - FS - EBU1 - BTC2 - MED,JP,JP
JP - FS - EBU1 - BTC2 - RTL,JP,JP
JP - FS - EBU1 - BTC2 - TTH,JP,JP
JP - FS - EBU1 - BTC2 - TTH,JP,JP
JP - FS - EBU1 - BTC2 - TTH,JP,JP
JP - FS - EBU1 - BTC2 - TTH,JP,JP
JP - FS - EBU1 - BTC2 - TTH,JP,JP
JP - FS - EBU1 - BTC2 - TTH,JP,JP
JP - FS - EBU1 - BTC2 - TTH,JP,JP
JP - FS - EBU1 - BTC2 - TTH,JP,JP
JP - FS - EBU1 - CMT - NTT,JP,JP
JP - FS - EBU1 - CMT - TEL,JP,JP
JP - FS - EBU1 - TKO - MM - BANK,JP,JP
JP - FS - EBU1 - TKO - MM - BTC - 1,JP,JP
JP - FS - EBU1 - TKO - MM - BTC - 2,JP,JP
JP - FS - EBU1 - TKO - MM - BTC - 2,JP,JP
JP - FS - EBU1 - TKO - MM - BTC - 3,JP,JP
JP - FS - EBU1 - TKO - MM - BTC - 3,JP,JP
JP - FS - EBU1 - TKO - MM - BTC - 3,JP,JP
JP - FS - EBU1 - TKO - MM - BTC - 4,JP,JP
JP - FS - EBU1 - TKO - MM - MFG - 1,JP,JP
JP - FS - EBU1 - TKO - MM - MFG - 2,JP,JP
JP - FS - EBU1 - TKO - MM - MFG - 3,JP,JP
JP - FS - EBU1 - TKO - MM - MFG - 4,JP,JP
JP - FS - EBU2 - Hightech1,JP,JP
JP - FS - EBU2 - Hightech2,JP,JP
JP - FS - EBU2 - MAE - ENTR1,JP,JP
JP - FS - EBU2 - MAE - ENTR2,JP,JP
JP - FS - EBU2 - MAE - ENTR3,JP,JP
JP - FS - EBU2 - MFG - ENTR1,JP,JP
JP - FS - EBU2 - MFG - ENTR2,JP,JP
JP - FS - EBU2 - MFG - GB,JP,JP
JP - FS - EBU2 - OSK - ENTR1,JP,JP
JP - FS - EBU2 - OSK - ENTR2,JP,JP
JP - FS - EBU2 - OSK - ENTR3,JP,JP
JP - FS - EBU2 - OSK - GB,JP,JP
JP - FS - EBU2 - OSK - GBMM,JP,JP
JP - FS - EBU2 - OSK - MM,JP,JP
JP - FS - EBU3 - FINS1,JP,JP
JP - FS - EBU3 - FINS2,JP,JP
JP - FS - EBU3 - FINSCHU - CHU - ENTRGB,JP,JP
JP - FS - EBU3 - FINSCHU - FINS3,JP,JP
JP - FS - EBU3 - FINSEAST - EAST - ENTRGB,JP,JP
JP - FS - EBU3 - FINSEAST - EAST - ENTRGB,JP,JP
JP - FS - EBU3 - FINSEAST - EAST - MM,JP,JP
JP - FS - EBU3 - FINSEAST - FINS4 - 01,JP,JP
JP - FS - EBU3 - FINSEAST - FINS4 - 01,JP,JP
JP - FS - EBU3 - FINSEAST - FINS4 - 01,JP,JP
JP - FS - EBU3 - FINSEAST - FINS4 - 01,JP,JP
JP - FS - EBU3 - FINSEAST - FINS4 - 02,JP,JP
JP - FS - EBU3 - INS1,JP,JP
JP - FS - EBU3 - INS2,JP,JP
JP - FS - EBU3 - INS3,JP,JP
JP - FS - EBU3 - PS1,JP,JP
JP - FS - EBU3 - PS2,JP,JP
JP - FS - EBU3 - PS3,JP,JP
JP - FS - EBU3 - WEST - ENTRGB,JP,JP
JP - FS - EBU3 - WEST - MM,JP,JP
JP - FS - SKR - B2C - 01,JP,JP
JP - FS - SKR - B2C - 02,JP,JP
JP - FS - SKR - B2C - FINSPS,JP,JP
JP - FS - SKR - B2C - MM - 01,JP,JP
JP - FS - SKR - B2C - MM - 02,JP,JP
JP - FS - SKR - Hightech - 01,JP,JP
JP - FS - SKR - Hightech - 02,JP,JP
JP - FS - SKR - Hightech - 02,JP,JP
JP - FS - SKR - MFG - 01,JP,JP
JP - FS - SKR - MFG - 01 - RSD,JP,JP
JP - FS - SKR - MFG - 02,JP,JP
JP - FS - TW,JP,JP
JP - SMB - ESB - SB1 - TKO1,JP,JP
JP - SMB - ESB - SB1 - TKO2,JP,JP
JP - SMB - ESB - SB1 - TKO3,JP,JP
JP - SMB - ESB - SB2 - OSK,JP,JP
JP - SMB - ESB - SB2 - TKO,JP,JP
JP - SMB - ESB - SB2 - WEST,JP,JP
JP - SMB - ESB - SB3 - ASPOOL,JP,JP
JP - SMB - GRB1 - 01 - MFG,JP,JP
JP - SMB - GRB1 - 01 - TKO1,JP,JP
JP - SMB - GRB1 - 01 - TKO2,JP,JP
JP - SMB - GRB1 - 01 - TKO3,JP,JP
JP - SMB - GRB1 - 01 - TKO4,JP,JP
JP - SMB - GRB1 - 01 - TKO4,JP,JP
JP - SMB - GRB1 - 01 - TKO4,JP,JP
JP - SMB - GRB1 - 01 - TKO4,JP,JP
JP - SMB - GRB1 - 01 - TKO4,JP,JP
JP - SMB - GRB1 - 01 - TKO4,JP,JP
JP - SMB - GRB1 - 02 - CHU,JP,JP
JP - SMB - GRB1 - 02 - OSK1,JP,JP
JP - SMB - GRB1 - 02 - OSK2,JP,JP
JP - SMB - GRB1 - 02 - OSK3,JP,JP
JP - SMB - GRB1 - 03 - BANK1,JP,JP
JP - SMB - GRB1 - 03 - BANK2,JP,JP
JP - SMB - GRB1 - 03 - BANK3,JP,JP
JP - SMB - GRB1 - 03 - BANK3,JP,JP
JP - SMB - GRB1 - 03 - BANK3,JP,JP
JP - SMB - GRB1 - 03 - BANK3,JP,JP
JP - SMB - GRB2 - 01 - TKO1,JP,JP
JP - SMB - GRB2 - 01 - TKO2,JP,JP
JP - SMB - GRB2 - 01 - TKO3,JP,JP
JP - SMB - GRB2 - 01 - WEST1,JP,JP
JP - SMB - GRB2 - 01 - WEST2,JP,JP
JP - SMB - GRB2 - 02 - TKOEAST1,JP,JP
JP - SMB - GRB2 - 02 - TKOEAST2,JP,JP
JP - SMB - GRB2 - 02 - TKOEAST3,JP,JP
JP - SMB - GRB2 - 02 - TKOEAST4,JP,JP
JP - SMB - GRB2 - 02 - TKOEAST5,JP,JP
JP - SMB - SKR - GRB1,JP,JP
JP - SMB - SKR - GRB2,JP,JP
JP - SMB - SKR - GRB2,JP,JP
JP - SMB - SKR - GRB2,JP,JP
JP - SMB - SKR - SB,JP,JP
JP - SMB - TW,JP,JP
LATAM - BR - CMRCL - REG - SOUTH,LATAM,LATAM
LATAM - BR - CMRCL - REG - STRAT,LATAM,LATAM
LATAM - BR - CMRCL - REG2,LATAM,LATAM
LATAM - BR - CMRCL - SP - STRAT,LATAM,LATAM
LATAM - BR - CMRCL - SP1,LATAM,LATAM
LATAM - BR - CMRCL - SP2,LATAM,LATAM
LATAM - BR - ENTR - VERT1,LATAM,LATAM
LATAM - BR - ENTR - VERT1 - FS1,LATAM,LATAM
LATAM - BR - ENTR - VERT1 - FS2,LATAM,LATAM
LATAM - BR - ENTR - VERT2,LATAM,LATAM
LATAM - BR - ENTR - VERT3,LATAM,LATAM
LATAM - BR - ENTR - VERT3 - MFG,LATAM,LATAM
LATAM - BR - ENTR - VERT4,LATAM,LATAM
LATAM - BR - ENTR - VERT5,LATAM,LATAM
LATAM - EMG - REG1,LATAM,LATAM
LATAM - EMG - REG2,LATAM,LATAM
LATAM - EMG - REG3,LATAM,LATAM
LATAM - EMG - STRAT,LATAM,LATAM
LATAM - GRW - CMRCL - GB - AR - CL,LATAM,LATAM
LATAM - GRW - CMRCL - GB - CO - PE,LATAM,LATAM
LATAM - GRW - CMRCL - MM,LATAM,LATAM
LATAM - GRW - CMRCL - STRAT,LATAM,LATAM
LATAM - GRW - ENTR - AR,LATAM,LATAM
LATAM - GRW - ENTR - CL,LATAM,LATAM
LATAM - GRW - ENTR - CO - BOG,LATAM,LATAM
LATAM - GRW - ENTR - CO - MDE,LATAM,LATAM
LATAM - GRW - ENTR - CO - MDE - RVP,LATAM,LATAM
LATAM - GRW - ENTR - PE,LATAM,LATAM
LATAM - MX - CMRCL - CDMX,LATAM,LATAM
LATAM - MX - CMRCL - MM,LATAM,LATAM
LATAM - MX - CMRCL - REG - GB,LATAM,LATAM
LATAM - MX - ENTR - VERT1,LATAM,LATAM
LATAM - MX - ENTR - VERT2,LATAM,LATAM
LATAM - MX - ENTR - VERT2 - RVP,LATAM,LATAM
LATAM - MX - ENTR - VERT3,LATAM,LATAM
LATAM - MX - ENTR - VERT4,LATAM,LATAM
LATAM - MX - ENTR - VERT5,LATAM,LATAM
LATAM - NP,LATAM,LATAM
LATAM - PS - BR,LATAM,LATAM
NP - AMER - NGO - ENTR - CNTRL,GPS,GPS
NP - AMER - NGO - ENTR - NE,GPS,GPS
NP - AMER - NGO - ENTR - SE,GPS,GPS
NP - AMER - NGO - ENTR - WEST,GPS,GPS
NP - AMER - NGO - ESB,GPS,GPS
NP - AMER - NGO - ESB - EAST,GPS,GPS
NP - AMER - NGO - GRB - NE,GPS,GPS
NP - AMER - NGO - GRB - SE,GPS,GPS
NP - AMER - NGO - GRB - WEST,GPS,GPS
NP - AMER - NGO - MM - CNTRL,GPS,GPS
NP - AMER - NGO - MM - NE,GPS,GPS
NP - AMER - NGO - MM - SE,GPS,GPS
NP - AMER - NGO - MM - WEST - 01,GPS,GPS
NP - AMER - NGO - MM - WEST - 02,GPS,GPS
NP - APAC - NGO - ANZ - ENTR,GPS,GPS
NP - APAC - NGO - ANZ - GRB,GPS,GPS
NP - APAC - NGO - ANZ - MM,GPS,GPS
NP - EMEA - NGO - EUR - ENTR,GPS,GPS
NP - EMEA - NGO - EUR - FR,GPS,GPS
NP - EMEA - NGO - EUR - NORTH,GPS,GPS
NP - EMEA - NGO - EUR - RoEMEA,GPS,GPS
NP - EMEA - NGO - GLOBAL - UN,GPS,GPS
NP - EMEA - NGO - HUB,GPS,GPS
NP - EMEA - NGO - UK - ENTR,GPS,GPS
NP - EMEA - NGO - UKI - MM,GPS,GPS
PAM - EMEA - SOUTH - IBERIA,SOUTH,SOUTH
PS - AMER - C - CAN1,GPS,GPS
PS - AMER - C - CAN2,GPS,GPS
PS - AMER - C - CAN3,GPS,GPS
PS - AMER - C - FED1 - DVA,GPS,GPS
PS - AMER - C - FED1 - TREAS,GPS,GPS
PS - AMER - C - FED1 - USDA,GPS,GPS
PS - AMER - C - FED2 - DHS,GPS,GPS
PS - AMER - C - FED2 - DOC,GPS,GPS
PS - AMER - C - FED2 - ENGY,GPS,GPS
PS - AMER - C - FED2 - ENGY,GPS,GPS
PS - AMER - C - FED2 - ENGY,GPS,GPS
PS - AMER - C - FED3 - DOS,GPS,GPS
PS - AMER - C - FED3 - HHS,GPS,GPS
PS - AMER - C - FED3 - TRIBE,GPS,GPS
PS - AMER - SLED - EDU - E - MW,GPS,GPS
PS - AMER - SLED - EDU - E - NE,GPS,GPS
PS - AMER - SLED - EDU - E - SE,GPS,GPS
PS - AMER - SLED - EDU - E - SE - RVP,GPS,GPS
PS - AMER - SLED - EDU - W - CC,GPS,GPS
PS - AMER - SLED - EDU - W - MM,GPS,GPS
PS - AMER - SLED - EDU - W - MTN,GPS,GPS
PS - AMER - SLED - EDU - W - W,GPS,GPS
PS - AMER - SLED - LOCAL - C,GPS,GPS
PS - AMER - SLED - LOCAL - EDU - K12,GPS,GPS
PS - AMER - SLED - LOCAL - SE,GPS,GPS
PS - AMER - SLED - LOCAL - W,GPS,GPS
PS - AMER - SLED - STATE - E - C,GPS,GPS
PS - AMER - SLED - STATE - E - MA,GPS,GPS
PS - AMER - SLED - STATE - E - NE,GPS,GPS
PS - AMER - SLED - STATE - E - SE,GPS,GPS
PS - AMER - SLED - STATE - W - PCF,GPS,GPS
PS - AMER - SLED - STATE - W - RM,GPS,GPS
PS - AMER - SNS - AD - AERO1,GPS,GPS
PS - AMER - SNS - AD - AERO2,GPS,GPS
PS - AMER - SNS - AD - GSI,GPS,GPS
PS - APAC - ANZ - C - Fed1,GPS,GPS
PS - APAC - ANZ - C - Fed2,GPS,GPS
PS - APAC - ANZ - C - Fed2,GPS,GPS
PS - APAC - ANZ - C - Fed2,GPS,GPS
PS - APAC - ANZ - C - Fed2,GPS,GPS
PS - APAC - ANZ - L - N - EDU,GPS,GPS
PS - APAC - ANZ - L - N - NSW,GPS,GPS
PS - APAC - ANZ - L - N - NSW,GPS,GPS
PS - APAC - ANZ - L - N - NSW,GPS,GPS
PS - APAC - ANZ - L - N - NSW,GPS,GPS
PS - APAC - ANZ - L - N - NSW,GPS,GPS
PS - APAC - ANZ - L - N - QLD,GPS,GPS
PS - APAC - ANZ - L - N - QLD,GPS,GPS
PS - APAC - ANZ - L - S - ES,GPS,GPS
PS - APAC - ANZ - L - S - VIC,GPS,GPS
PS - APAC - NZ,GPS,GPS
PS - EMEA - EDU - EUR,GPS,GPS
PS - EMEA - EDU - UKI,GPS,GPS
PS - EMEA - NTH - DACH,GPS,GPS
PS - EMEA - NTH - FI,GPS,GPS
PS - EMEA - NTH - NO,GPS,GPS
PS - EMEA - NTH - SWEMARK,GPS,GPS
PS - EMEA - NTH - SWEMARK,GPS,GPS
PS - EMEA - STH - FBL - BE,GPS,GPS
PS - EMEA - STH - FBL - FR - C,GPS,GPS
PS - EMEA - STH - FBL - FR - C - RVP,GPS,GPS
PS - EMEA - STH - FBL - FR - L,GPS,GPS
PS - EMEA - STH - IB - C,GPS,GPS
PS - EMEA - STH - IB - L,GPS,GPS
PS - EMEA - STH - IT,GPS,GPS
PS - EMEA - STH - IT,GPS,GPS
PS - EMEA - STH - IT,GPS,GPS
PS - EMEA - STH - IT - C,GPS,GPS
PS - EMEA - STH - IT - L,GPS,GPS
PS - EMEA - STH - NL,GPS,GPS
PS - EMEA - UKI - GOV - A,GPS,GPS
PS - EMEA - UKI - GOV - C,GPS,GPS
PS - EMEA - UKI - GOV - D,GPS,GPS
PS - EMEA - UKI - HLT - L,GPS,GPS
PS - EMEA - UKI - HLT - L - RVP,GPS,GPS
PS - EMEA - UKI - HLT - S,GPS,GPS
PS - EMEA - UKI - HLT - T,GPS,GPS
SASIA - ASEAN - ESMB - RO,SASIA,ASEAN
SASIA - ASEAN - ESMB - SG - GRB,SASIA,ASEAN
SASIA - ASEAN - ESMB - TH - GRB,SASIA,ASEAN
SASIA - ASEAN - ESMB - VN - GRB,SASIA,ASEAN
SASIA - ASEAN - MVP - MY,SASIA,ASEAN
SASIA - ASEAN - MVP - MY - FLM,SASIA,ASEAN
SASIA - ASEAN - MVP - MY - FLM - MGR,SASIA,ASEAN
SASIA - ASEAN - MVP - PH - 01,SASIA,ASEAN
SASIA - ASEAN - MVP - PH - 01 - MGR,SASIA,ASEAN
SASIA - ASEAN - MVP - PH - 02,SASIA,ASEAN
SASIA - ASEAN - MVP - PH - DIRECTS,SASIA,ASEAN
SASIA - ASEAN - MVP - VN,SASIA,ASEAN
SASIA - ASEAN - MVP - VN,SASIA,ASEAN
SASIA - ASEAN - MVP - VN,SASIA,ASEAN
SASIA - ASEAN - MVP - VN,SASIA,ASEAN
SASIA - ASEAN - PS - CORE - SG,SASIA,ASEAN
SASIA - ASEAN - PS - CORE - SG - MGR,SASIA,ASEAN
SASIA - ASEAN - PS - CORE - TH,SASIA,ASEAN
SASIA - ASEAN - SG - ENTR1,SASIA,ASEAN
SASIA - ASEAN - SG - ENTR2,SASIA,ASEAN
SASIA - ASEAN - SG - MMGB,SASIA,ASEAN
SASIA - ASEAN - TH - DIRECTS,SASIA,ASEAN
SASIA - ASEAN - THIDPK - ID - ENTR,SASIA,ASEAN
SASIA - ASEAN - THIDPK - PK,SASIA,ASEAN
SASIA - ASEAN - THIDPK - TH - GROWTH,SASIA,ASEAN
SASIA - ASEAN - TIP - TH - MGR,SASIA,ASEAN
SASIA - INDIA - ESMB - GRB - NORTH,SASIA,INDIA
SASIA - INDIA - ESMB - GRB - SOUTH,SASIA,INDIA
SASIA - INDIA - ESMB - GRB - WEST,SASIA,INDIA
SASIA - INDIA - ESMB - GRB - WEST - MGR,SASIA,INDIA
SASIA - INDIA - ESMB - RSD,SASIA,INDIA
SASIA - INDIA - ESMB - SB,SASIA,INDIA
SASIA - INDIA - ESMB - SB - MGR,SASIA,INDIA
SASIA - INDIA - FCI - AUTO,SASIA,INDIA
SASIA - INDIA - FCI - CMT,SASIA,INDIA
SASIA - INDIA - FCI - CMT - CMRCL,SASIA,INDIA
SASIA - INDIA - FCI - FINS - NORTH,SASIA,INDIA
SASIA - INDIA - FCI - FINS - PUNE,SASIA,INDIA
SASIA - INDIA - FCI - FINS - SOUTH,SASIA,INDIA
SASIA - INDIA - FCI - FINS - STRAT,SASIA,INDIA
SASIA - INDIA - FCI - FINS - STRAT - RVP,SASIA,INDIA
SASIA - INDIA - FCI - FINS - STRAT - RVP,SASIA,INDIA
SASIA - INDIA - FCI - FINS - WEST - CMRCL,SASIA,INDIA
SASIA - INDIA - FCI - FINS - WEST - ENTR,SASIA,INDIA
SASIA - INDIA - FCI - RCG - ENTR,SASIA,INDIA
SASIA - INDIA - FCI - RCG - NORTH,SASIA,INDIA
SASIA - INDIA - FCI - RCG - NORTH,SASIA,INDIA
SASIA - INDIA - FCI - RCG - NORTH,SASIA,INDIA
SASIA - INDIA - FCI - RCG - NORTH,SASIA,INDIA
SASIA - INDIA - FCI - RCG - RVP,SASIA,INDIA
SASIA - INDIA - FCI - RCG - SOUTH,SASIA,INDIA
SASIA - INDIA - FCI - RCG - WEST,SASIA,INDIA
SASIA - INDIA - PRIME - HRE - ENTR,SASIA,INDIA
SASIA - INDIA - PRIME - HRE - NORTH,SASIA,INDIA
SASIA - INDIA - PRIME - HRE - SOUTH,SASIA,INDIA
SASIA - INDIA - PRIME - HRE - SOUTH - MGR,SASIA,INDIA
SASIA - INDIA - PRIME - HRE - WEST,SASIA,INDIA
SASIA - INDIA - PRIME - ME - ENTR,SASIA,INDIA
SASIA - INDIA - PRIME - ME - NORTH,SASIA,INDIA
SASIA - INDIA - PRIME - ME - SOUTH,SASIA,INDIA
SASIA - INDIA - PRIME - ME - SOUTH - MGR,SASIA,INDIA
SASIA - INDIA - PRIME - ME - WEST,SASIA,INDIA
SASIA - INDIA - PRIME - PUBSEC,SASIA,INDIA
SASIA - INDIA - PRIME - PUBSEC - RVP,SASIA,INDIA
SASIA - INDIA - PRIME - TECH - ENTR,SASIA,INDIA
SASIA - INDIA - PRIME - TECH - NORTH,SASIA,INDIA
SASIA - INDIA - PRIME - TECH - NORTH - RSD,SASIA,INDIA
SMB - AMER - ESB - AS - CAN - PROSPECT - POOL,SMB,SMB
SMB - AMER - ESB - AS - CAN - SELFSERVE,SMB,SMB
SMB - AMER - ESB - AS - US - INSTALL - POOL,SMB,SMB
SMB - AMER - ESB - AS - US - PROSPECT - POOL,SMB,SMB
SMB - AMER - ESB - AS - US - SELFSERVE,SMB,SMB
SMB - AMER - ESB - CAN - CA - CAE,SMB,SMB
SMB - AMER - ESB - CAN - CA - CAV,SMB,SMB
SMB - AMER - ESB - CAN - CA - CAW,SMB,SMB
SMB - AMER - ESB - CAN - CA - CAW - MGR,SMB,SMB
SMB - AMER - ESB - FINS - EF - EF1,SMB,SMB
SMB - AMER - ESB - FINS - EF - EF2,SMB,SMB
SMB - AMER - ESB - FINS - EF - EF3,SMB,SMB
SMB - AMER - ESB - FINS - EF - EF3 - MGR,SMB,SMB
SMB - AMER - ESB - FINS - EF - EF4,SMB,SMB
SMB - AMER - ESB - FINS - WF - WF1,SMB,SMB
SMB - AMER - ESB - FINS - WF - WF2,SMB,SMB
SMB - AMER - ESB - FINS - WF - WF3,SMB,SMB
SMB - AMER - ESB - FINS - WF - WF4,SMB,SMB
SMB - AMER - ESB - FINS - WF - WF5,SMB,SMB
SMB - AMER - ESB - FINS - WF - WF5 - MGR,SMB,SMB
SMB - AMER - ESB - FINS - WF - WF6,SMB,SMB
SMB - AMER - ESB - FINS - WF - WF7,SMB,SMB
SMB - AMER - ESB - FINS - WF - WF8,SMB,SMB
SMB - AMER - ESB - GEO - EC - EC1,SMB,SMB
SMB - AMER - ESB - GEO - EC - EC2,SMB,SMB
SMB - AMER - ESB - GEO - EC - EC3,SMB,SMB
SMB - AMER - ESB - GEO - EC - EC4,SMB,SMB
SMB - AMER - ESB - GEO - EC - EC5,SMB,SMB
SMB - AMER - ESB - GEO - EC - EC6,SMB,SMB
SMB - AMER - ESB - GEO - EC - EC7,SMB,SMB
SMB - AMER - ESB - GEO - ECA - EC2,SMB,SMB
SMB - AMER - ESB - GEO - ECA - EC5,SMB,SMB
SMB - AMER - ESB - GEO - ECA - EC6,SMB,SMB
SMB - AMER - ESB - GEO - ECA - EC7,SMB,SMB
SMB - AMER - ESB - GEO - ECA - ES1,SMB,SMB
SMB - AMER - ESB - GEO - ECA - ES2,SMB,SMB
SMB - AMER - ESB - GEO - ECB - EC1,SMB,SMB
SMB - AMER - ESB - GEO - ECB - EC3,SMB,SMB
SMB - AMER - ESB - GEO - ECB - EC4,SMB,SMB
SMB - AMER - ESB - GEO - ECB - ES4,SMB,SMB
SMB - AMER - ESB - GEO - ECB - ES5,SMB,SMB
SMB - AMER - ESB - GEO - EE - EE1,SMB,SMB
SMB - AMER - ESB - GEO - EE - EE2,SMB,SMB
SMB - AMER - ESB - GEO - EE - EE3,SMB,SMB
SMB - AMER - ESB - GEO - EE - EE4,SMB,SMB
SMB - AMER - ESB - GEO - EE - EE5,SMB,SMB
SMB - AMER - ESB - GEO - EE - EE6,SMB,SMB
SMB - AMER - ESB - GEO - EE - EE7,SMB,SMB
SMB - AMER - ESB - GEO - EE - ES3,SMB,SMB
SMB - AMER - ESB - GEO - EE - ES6,SMB,SMB
SMB - AMER - ESB - GEO - ES - ES1,SMB,SMB
SMB - AMER - ESB - GEO - ES - ES2,SMB,SMB
SMB - AMER - ESB - GEO - ES - ES3,SMB,SMB
SMB - AMER - ESB - GEO - ES - ES4,SMB,SMB
SMB - AMER - ESB - GEO - ES - ES5,SMB,SMB
SMB - AMER - ESB - GEO - ES - ES6,SMB,SMB
SMB - AMER - ESB - GEO - EV - EV1,SMB,SMB
SMB - AMER - ESB - GEO - EV - EV2,SMB,SMB
SMB - AMER - ESB - GEO - EV - EV3,SMB,SMB
SMB - AMER - ESB - GEO - EV - EV4,SMB,SMB
SMB - AMER - ESB - GEO - EV - EV5,SMB,SMB
SMB - AMER - ESB - GEO - EW - EW1,SMB,SMB
SMB - AMER - ESB - GEO - EW - EW2,SMB,SMB
SMB - AMER - ESB - GEO - EW - EW3,SMB,SMB
SMB - AMER - ESB - GEO - EW - EW4,SMB,SMB
SMB - AMER - ESB - GEO - EW - EW5,SMB,SMB
SMB - AMER - ESB - GEO - EW - EW6,SMB,SMB
SMB - AMER - ESB - HLS - CH - CH1,SMB,SMB
SMB - AMER - ESB - HLS - CH - CH2,SMB,SMB
SMB - AMER - ESB - HLS - CH - CH3,SMB,SMB
SMB - AMER - ESB - HLS - CH - CH4,SMB,SMB
SMB - AMER - ESB - HLS - CH - CH5,SMB,SMB
SMB - AMER - ESB - HLS - WH - WH1,SMB,SMB
SMB - AMER - ESB - HLS - WH - WH2,SMB,SMB
SMB - AMER - ESB - HLS - WH - WH2,SMB,SMB
SMB - AMER - ESB - HLS - WH - WH2,SMB,SMB
SMB - AMER - ESB - HLS - WH - WH2,SMB,SMB
SMB - AMER - ESB - HLS - WH - WH2,SMB,SMB
SMB - AMER - ESB - HLS - WH - WH2,SMB,SMB
SMB - AMER - ESB - HLS - WH - WH2,SMB,SMB
SMB - AMER - ESB - HLS - WH - WH2,SMB,SMB
SMB - AMER - ESB - HLS - WH - WH4,SMB,SMB
SMB - AMER - ESB - HLS - WH - WH5,SMB,SMB
SMB - AMER - ESB - HLS - WH - WH6,SMB,SMB
SMB - AMER - GRB - GEO - C - C1 - ATX,SMB,SMB
SMB - AMER - GRB - GEO - C - C1 - HDB,SMB,SMB
SMB - AMER - GRB - GEO - C - C1 - IAM,SMB,SMB
SMB - AMER - GRB - GEO - C - C1 - ILC,SMB,SMB
SMB - AMER - GRB - GEO - C - C1 - KCI,SMB,SMB
SMB - AMER - GRB - GEO - C - C2 - MIN,SMB,SMB
SMB - AMER - GRB - GEO - C - C2 - MIN - MGR,SMB,SMB
SMB - AMER - GRB - GEO - C - C2 - MOK,SMB,SMB
SMB - AMER - GRB - GEO - C - C2 - ORD,SMB,SMB
SMB - AMER - GRB - GEO - C - C2 - STL,SMB,SMB
SMB - AMER - GRB - GEO - C - C2 - TNT,SMB,SMB
SMB - AMER - GRB - GEO - C - C2 - WIS,SMB,SMB
SMB - AMER - GRB - GEO - C - C3 - ARM,SMB,SMB
SMB - AMER - GRB - GEO - C - C3 - FLW,SMB,SMB
SMB - AMER - GRB - GEO - C - C3 - LGH,SMB,SMB
SMB - AMER - GRB - GEO - C - C3 - MAV,SMB,SMB
SMB - AMER - GRB - GEO - C - C3 - MAV - MGR,SMB,SMB
SMB - AMER - GRB - GEO - C - C3 - ONM,SMB,SMB
SMB - AMER - GRB - GEO - C - C4 - CLV,SMB,SMB
SMB - AMER - GRB - GEO - C - C4 - DET,SMB,SMB
SMB - AMER - GRB - GEO - C - C4 - NDY,SMB,SMB
SMB - AMER - GRB - GEO - C - C4 - WCY,SMB,SMB
SMB - AMER - GRB - GEO - C - C4 - ZOA,SMB,SMB
SMB - AMER - GRB - GEO - C - C5 - HDA,SMB,SMB
SMB - AMER - GRB - GEO - E - E1 - ACV,SMB,SMB
SMB - AMER - GRB - GEO - E - E1 - ACV,SMB,SMB
SMB - AMER - GRB - GEO - E - E1 - ACV,SMB,SMB
SMB - AMER - GRB - GEO - E - E1 - ACV,SMB,SMB
SMB - AMER - GRB - GEO - E - E1 - ACV,SMB,SMB
SMB - AMER - GRB - GEO - E - E1 - NFM,SMB,SMB
SMB - AMER - GRB - GEO - E - E1 - NYB,SMB,SMB
SMB - AMER - GRB - GEO - E - E1 - PNN,SMB,SMB
SMB - AMER - GRB - GEO - E - E1 - RFL,SMB,SMB
SMB - AMER - GRB - GEO - E - E2 - APL,SMB,SMB
SMB - AMER - GRB - GEO - E - E2 - CNS,SMB,SMB
SMB - AMER - GRB - GEO - E - E2 - EGL,SMB,SMB
SMB - AMER - GRB - GEO - E - E2 - EMP,SMB,SMB
SMB - AMER - GRB - GEO - E - E2 - MET,SMB,SMB
SMB - AMER - GRB - GEO - E - E3 - BRN,SMB,SMB
SMB - AMER - GRB - GEO - E - E3 - BSX,SMB,SMB
SMB - AMER - GRB - GEO - E - E3 - NYA,SMB,SMB
SMB - AMER - GRB - GEO - E - E3 - NYJ,SMB,SMB
SMB - AMER - GRB - GEO - E - E3 - PAT,SMB,SMB
SMB - AMER - GRB - GEO - E - E4 - NYX,SMB,SMB
SMB - AMER - GRB - GEO - E - E5 - KYC,SMB,SMB
SMB - AMER - GRB - GEO - H - NL - CBY,SMB,SMB
SMB - AMER - GRB - GEO - H - NL - DUB,SMB,SMB
SMB - AMER - GRB - GEO - H - NL - NTE,SMB,SMB
SMB - AMER - GRB - GEO - S - S1 - ATL,SMB,SMB
SMB - AMER - GRB - GEO - S - S1 - CAR,SMB,SMB
SMB - AMER - GRB - GEO - S - S1 - CRL,SMB,SMB
SMB - AMER - GRB - GEO - S - S1 - FLN,SMB,SMB
SMB - AMER - GRB - GEO - S - S1 - NCA,SMB,SMB
SMB - AMER - GRB - GEO - S - S1 - TAG,SMB,SMB
SMB - AMER - GRB - GEO - S - S2 - ARL,SMB,SMB
SMB - AMER - GRB - GEO - S - S2 - DCX,SMB,SMB
SMB - AMER - GRB - GEO - S - S2 - FRM,SMB,SMB
SMB - AMER - GRB - GEO - S - S2 - RES,SMB,SMB
SMB - AMER - GRB - GEO - S - S2 - RKF,SMB,SMB
SMB - AMER - GRB - GEO - S - S2 - RKW,SMB,SMB
SMB - AMER - GRB - GEO - S - S2 - RMK,SMB,SMB
SMB - AMER - GRB - GEO - S - S3 - MIA,SMB,SMB
SMB - AMER - GRB - GEO - S - S3 - ORL,SMB,SMB
SMB - AMER - GRB - GEO - S - S3 - TBY,SMB,SMB
SMB - AMER - GRB - GEO - S - S3 - VCE,SMB,SMB
SMB - AMER - GRB - GEO - W - W1 - MTN,SMB,SMB
SMB - AMER - GRB - GEO - W - W1 - MTN,SMB,SMB
SMB - AMER - GRB - GEO - W - W1 - MTN,SMB,SMB
SMB - AMER - GRB - GEO - W - W1 - RCK,SMB,SMB
SMB - AMER - GRB - GEO - W - W1 - SKI,SMB,SMB
SMB - AMER - GRB - GEO - W - W1 - SME,SMB,SMB
SMB - AMER - GRB - GEO - W - W1 - UTH,SMB,SMB
SMB - AMER - GRB - GEO - W - W1 - WSH,SMB,SMB
SMB - AMER - GRB - GEO - W - W1 - WSH - MGR,SMB,SMB
SMB - AMER - GRB - GEO - W - W2 - SFM,SMB,SMB
SMB - AMER - GRB - GEO - W - W2 - SFP,SMB,SMB
SMB - AMER - GRB - GEO - W - W2 - SFQ,SMB,SMB
SMB - AMER - GRB - GEO - W - W2 - SFX,SMB,SMB
SMB - AMER - GRB - GEO - W - W2 - SFX - MGR,SMB,SMB
SMB - AMER - GRB - GEO - W - W2 - SMM,SMB,SMB
SMB - AMER - GRB - GEO - W - W3 - GIA,SMB,SMB
SMB - AMER - GRB - GEO - W - W3 - HLY,SMB,SMB
SMB - AMER - GRB - GEO - W - W3 - LGB,SMB,SMB
SMB - AMER - GRB - GEO - W - W3 - SJC,SMB,SMB
SMB - AMER - GRB - GEO - W - W3 - SUN,SMB,SMB
SMB - AMER - GRB - GEO - W - W4 - ACF,SMB,SMB
SMB - AMER - GRB - GEO - W - W4 - ARZ,SMB,SMB
SMB - AMER - GRB - GEO - W - W4 - CHN,SMB,SMB
SMB - AMER - GRB - GEO - W - W4 - JWN,SMB,SMB
SMB - AMER - GRB - GEO - W - W4 - MUS,SMB,SMB
SMB - AMER - GRB - GEO - W - W4 - SAN,SMB,SMB
SMB - AMER - GRB - GEO - W - W5 - MTD,SMB,SMB
SMB - AMER - GRB - GEO - W - W5 - NNR,SMB,SMB
SMB - AMER - GRB - GEO - W - W5 - OAK,SMB,SMB
SMB - AMER - GRB - GEO - W - W5 - PDX,SMB,SMB
SMB - AMER - GRB - GEO - W - W5 - SPN,SMB,SMB
SMB - AMER - GRB - IND - CAN - C1,SMB,SMB
SMB - AMER - GRB - IND - CAN - C2,SMB,SMB
SMB - AMER - GRB - IND - CAN - C3,SMB,SMB
SMB - AMER - GRB - IND - CAN - E,SMB,SMB
SMB - AMER - GRB - IND - CAN - FINS,SMB,SMB
SMB - AMER - GRB - IND - CAN - MAE,SMB,SMB
SMB - AMER - GRB - IND - CAN - W,SMB,SMB
SMB - AMER - GRB - IND - FINS - E - FE - BA1,SMB,SMB
SMB - AMER - GRB - IND - FINS - E - FE - BA2,SMB,SMB
SMB - AMER - GRB - IND - FINS - E - FE - BA4,SMB,SMB
SMB - AMER - GRB - IND - FINS - E - FE - BNN,SMB,SMB
SMB - AMER - GRB - IND - FINS - E - FE - BRS,SMB,SMB
SMB - AMER - GRB - IND - FINS - E - FL - AT1,SMB,SMB
SMB - AMER - GRB - IND - FINS - E - FL - AT2,SMB,SMB
SMB - AMER - GRB - IND - FINS - E - FL - BA3,SMB,SMB
SMB - AMER - GRB - IND - FINS - E - FL - BOS,SMB,SMB
SMB - AMER - GRB - IND - FINS - E - FL - ENL,SMB,SMB
SMB - AMER - GRB - IND - FINS - W - FC - FNL,SMB,SMB
SMB - AMER - GRB - IND - FINS - W - FC - HDG,SMB,SMB
SMB - AMER - GRB - IND - FINS - W - FC - NO1,SMB,SMB
SMB - AMER - GRB - IND - FINS - W - FC - PNW,SMB,SMB
SMB - AMER - GRB - IND - FINS - W - FC - SO2,SMB,SMB
SMB - AMER - GRB - IND - FINS - W - FW - LAC,SMB,SMB
SMB - AMER - GRB - IND - FINS - W - FW - NO2,SMB,SMB
SMB - AMER - GRB - IND - FINS - W - FW - NO3,SMB,SMB
SMB - AMER - GRB - IND - FINS - W - FW - SCA,SMB,SMB
SMB - AMER - GRB - IND - HLS - E - HC - CNL,SMB,SMB
SMB - AMER - GRB - IND - HLS - E - HC - IL1,SMB,SMB
SMB - AMER - GRB - IND - HLS - E - HC - IL2,SMB,SMB
SMB - AMER - GRB - IND - HLS - E - HC - SE1,SMB,SMB
SMB - AMER - GRB - IND - HLS - E - HC - SE2,SMB,SMB
SMB - AMER - GRB - IND - HLS - E - HC - TEX,SMB,SMB
SMB - AMER - GRB - IND - HLS - E - HE - BO1,SMB,SMB
SMB - AMER - GRB - IND - HLS - E - HE - NY1,SMB,SMB
SMB - AMER - GRB - IND - HLS - E - HE - NY2,SMB,SMB
SMB - AMER - GRB - IND - HLS - E - HE - NY3,SMB,SMB
SMB - AMER - GRB - IND - HLS - E - HE - TO1,SMB,SMB
SMB - AMER - GRB - IND - HLS - E - HE - TO2,SMB,SMB
SMB - AMER - GRB - IND - HLS - W - HW - DEN,SMB,SMB
SMB - AMER - GRB - IND - HLS - W - HW - IR1,SMB,SMB
SMB - AMER - GRB - IND - HLS - W - HW - SF1,SMB,SMB
SMB - AMER - GRB - IND - HLS - W - HW - SF2,SMB,SMB
SMB - AMER - GRB - IND - HLS - W - HW - SF3,SMB,SMB
SMB - AMER - GRB - IND - HLS - W - HW - WNL,SMB,SMB
SMB - AMER - GRB - IND - RCG - R - RC - IBC,SMB,SMB
SMB - AMER - GRB - IND - RCG - R - RC - IBE,SMB,SMB
SMB - AMER - GRB - IND - RCG - R - RC - IBN,SMB,SMB
SMB - AMER - GRB - IND - RCG - R - RC - IBW,SMB,SMB
SMB - AMER - GRB - IND - RCG - R - RC - NLE,SMB,SMB
SMB - AMER - GRB - IND - RCG - R - RC - NLE,SMB,SMB
SMB - AMER - GRB - IND - RCG - R - RC - NLW,SMB,SMB
SMB - EMEA - ESB - FRCEN - CEN - ASPOOL,SMB,SMB
SMB - EMEA - ESB - FRCEN - CHAT,SMB,SMB
SMB - EMEA - ESB - FRCEN - CHAT - AT - SELFSERVE,SMB,SMB
SMB - EMEA - ESB - FRCEN - CHAT - CH - SELFSERVE,SMB,SMB
SMB - EMEA - ESB - FRCEN - DE - 01,SMB,SMB
SMB - EMEA - ESB - FRCEN - DE - 02,SMB,SMB
SMB - EMEA - ESB - FRCEN - DE - SELFSERVE,SMB,SMB
SMB - EMEA - ESB - FRCEN - FR - 01,SMB,SMB
SMB - EMEA - ESB - FRCEN - FR - 02,SMB,SMB
SMB - EMEA - ESB - NORTH - NOR - ASPOOL,SMB,SMB
SMB - EMEA - ESB - SOUTH - CEE - ASPOOL,SMB,SMB
SMB - EMEA - ESB - SOUTH - IL - ASPOOL,SMB,SMB
SMB - EMEA - ESB - SOUTH - IT - ASPOOL,SMB,SMB
SMB - EMEA - ESB - STHNTH - BNL,SMB,SMB
SMB - EMEA - ESB - STHNTH - EGM,SMB,SMB
SMB - EMEA - ESB - STHNTH - IB,SMB,SMB
SMB - EMEA - ESB - STHNTH - IB - MGR,SMB,SMB
SMB - EMEA - ESB - STHNTH - ILCEE,SMB,SMB
SMB - EMEA - ESB - STHNTH - IT,SMB,SMB
SMB - EMEA - ESB - STHNTH - NOR,SMB,SMB
SMB - EMEA - ESB - UKI - 01,SMB,SMB
SMB - EMEA - ESB - UKI - 02,SMB,SMB
SMB - EMEA - ESB - UKI - 03,SMB,SMB
SMB - EMEA - ESB - UKI - 04,SMB,SMB
SMB - EMEA - ESB - UKI - 04 - MGR,SMB,SMB
SMB - EMEA - ESB - UKI - 05,SMB,SMB
SMB - EMEA - ESB - UKI - ASPOOL,SMB,SMB
SMB - EMEA - ESB - UKI - SELFSERVE,SMB,SMB
SMB - EMEA - GRB - CEN - CH,SMB,SMB
SMB - EMEA - GRB - CEN - DEAT - BERAT,SMB,SMB
SMB - EMEA - GRB - CEN - DEAT - CEN,SMB,SMB
SMB - EMEA - GRB - CEN - DEAT - NTH,SMB,SMB
SMB - EMEA - GRB - CEN - DEAT - STH,SMB,SMB
SMB - EMEA - GRB - CEN - DEAT - WST,SMB,SMB
SMB - EMEA - GRB - FR - 1,SMB,SMB
SMB - EMEA - GRB - FR - 2,SMB,SMB
SMB - EMEA - GRB - FR - 3,SMB,SMB
SMB - EMEA - GRB - FR - 4,SMB,SMB
SMB - EMEA - GRB - FR - 5,SMB,SMB
SMB - EMEA - GRB - FR - 6,SMB,SMB
SMB - EMEA - GRB - NORTH - BNL - BELUX,SMB,SMB
SMB - EMEA - GRB - NORTH - BNL - NL - 01,SMB,SMB
SMB - EMEA - GRB - NORTH - BNL - NL - 02,SMB,SMB
SMB - EMEA - GRB - NORTH - BNL - NL - 03,SMB,SMB
SMB - EMEA - GRB - NORTH - NOR - DK,SMB,SMB
SMB - EMEA - GRB - NORTH - NOR - FINO,SMB,SMB
SMB - EMEA - GRB - NORTH - NOR - SE,SMB,SMB
SMB - EMEA - GRB - SOUTH - EGM - AFRTR,SMB,SMB
SMB - EMEA - GRB - SOUTH - EGM - CEE - 01,SMB,SMB
SMB - EMEA - GRB - SOUTH - EGM - CEE - 02,SMB,SMB
SMB - EMEA - GRB - SOUTH - EGM - ME - 01,SMB,SMB
SMB - EMEA - GRB - SOUTH - EGM - ME - 02,SMB,SMB
SMB - EMEA - GRB - SOUTH - IB - 01,SMB,SMB
SMB - EMEA - GRB - SOUTH - IB - 02,SMB,SMB
SMB - EMEA - GRB - SOUTH - IB - 03,SMB,SMB
SMB - EMEA - GRB - SOUTH - ILMED - IL - 01,SMB,SMB
SMB - EMEA - GRB - SOUTH - ILMED - IL - 02,SMB,SMB
SMB - EMEA - GRB - SOUTH - ILMED - MED,SMB,SMB
SMB - EMEA - GRB - SOUTH - IT - 01,SMB,SMB
SMB - EMEA - GRB - SOUTH - IT - 02,SMB,SMB
SMB - EMEA - GRB - SOUTH - IT - 03,SMB,SMB
SMB - EMEA - GRB - UKI - IRELAND,SMB,SMB
SMB - EMEA - GRB - UKI - UK - FINS,SMB,SMB
SMB - EMEA - GRB - UKI - UK - GEO1 - 01,SMB,SMB
SMB - EMEA - GRB - UKI - UK - GEO1 - 02,SMB,SMB
SMB - EMEA - GRB - UKI - UK - GEO1 - 03,SMB,SMB
SMB - EMEA - GRB - UKI - UK - GEO1 - 04,SMB,SMB
SMB - EMEA - GRB - UKI - UK - GEO1 - 05,SMB,SMB
SMB - EMEA - GRB - UKI - UK - GEO1 - 06,SMB,SMB
SMB - EMEA - GRB - UKI - UK - GEO2 - 01,SMB,SMB
SMB - EMEA - GRB - UKI - UK - GEO2 - 02,SMB,SMB
SMB - EMEA - GRB - UKI - UK - GEO2 - 03,SMB,SMB
SMB - EMEA - GRB - UKI - UK - GEO2 - 04,SMB,SMB
SMB - EMEA - GRB - UKI - UK - GEO2 - 05,SMB,SMB
SMB - LATAM - ESB - BR - BR1,SMB,SMB
SMB - LATAM - ESB - BR - BR2,SMB,SMB
SMB - LATAM - ESB - GRW,SMB,SMB
SMB - LATAM - ESB - GRW - SELFSERVE,SMB,SMB
SMB - LATAM - ESB - MX,SMB,SMB
SMB - LATAM - GRB - BR - REG,SMB,SMB
SMB - LATAM - GRB - BR - REG - 01,SMB,SMB
SMB - LATAM - GRB - BR - SP,SMB,SMB
SMB - LATAM - GRB - BR - SP - 01,SMB,SMB
SMB - LATAM - GRB - GRW - AR,SMB,SMB
SMB - LATAM - GRB - GRW - CL,SMB,SMB
SMB - LATAM - GRB - GRW - NORTH,SMB,SMB
SMB - LATAM - GRB - GRW - SOUTH - 01,SMB,SMB
SMB - LATAM - GRB - GRW - SOUTH - 02,SMB,SMB
SMB - LATAM - GRB - MX,SMB,SMB
SMB - LATAM - GRB - MX - 01,SMB,SMB
SMB - LATAM - MX2 - ESB,SMB,SMB
UKI - CMRCL - GB - BS,UKI,UKI
UKI - CMRCL - GB - CMTTTH,UKI,UKI
UKI - CMRCL - GB - FINSHLS,UKI,UKI
UKI - CMRCL - GB - FINSHLS - RSD,UKI,UKI
UKI - CMRCL - GB - MAERCG,UKI,UKI
UKI - CMRCL - GB - NL - 1,UKI,UKI
UKI - CMRCL - GB - NL - 2,UKI,UKI
UKI - CMRCL - GB - TECH,UKI,UKI
UKI - CMRCL - IE,UKI,UKI
UKI - CMRCL - IE - MM,UKI,UKI
UKI - CMRCL - MM - BS,UKI,UKI
UKI - CMRCL - MM - CMTTTH - 1,UKI,UKI
UKI - CMRCL - MM - CMTTTH - 2,UKI,UKI
UKI - CMRCL - MM - CMTTTH - 3,UKI,UKI
UKI - CMRCL - MM - FINSHLS,UKI,UKI
UKI - CMRCL - MM - MAERCG,UKI,UKI
UKI - CMRCL - MM - NL - 1,UKI,UKI
UKI - ENTR - ICE - MA - 1,UKI,UKI
UKI - ENTR - ICE - MA - 2,UKI,UKI
UKI - ENTR - ICE - MA - 3,UKI,UKI
UKI - ENTR - ICE - RCG - CG - 1,UKI,UKI
UKI - ENTR - ICE - RCG - CG - 2,UKI,UKI
UKI - ENTR - ICE - RCG - CG - 2 - RVP,UKI,UKI
UKI - ENTR - ICE - RCG - RET - 1,UKI,UKI
UKI - ENTR - ICE - RCG - RET - 2,UKI,UKI
UKI - ENTR - ICE - UTE - 1,UKI,UKI
UKI - ENTR - ICE - UTE - 2,UKI,UKI
UKI - ENTR - ICE - UTE - 3,UKI,UKI
UKI - ENTR - REG - BANKING - 1,UKI,UKI
UKI - ENTR - REG - BANKING - 1 - RVP,UKI,UKI
UKI - ENTR - REG - BANKING - 1 - RVP,UKI,UKI
UKI - ENTR - REG - BANKING - 2,UKI,UKI
UKI - ENTR - REG - BANKING - 3,UKI,UKI
UKI - ENTR - REG - FINTECH,UKI,UKI
UKI - ENTR - REG - HLSIE - HLS - 1,UKI,UKI
UKI - ENTR - REG - HLSIE - HLS - 2,UKI,UKI
UKI - ENTR - REG - HLSIE - HLS - 2,UKI,UKI
UKI - ENTR - REG - HLSIE - IE,UKI,UKI
UKI - ENTR - REG - INSURANCE - 1,UKI,UKI
UKI - ENTR - REG - INSURANCE - 2,UKI,UKI
UKI - ENTR - REG - INSURANCE - 2 - RVP,UKI,UKI
UKI - ENTR - TMTCBS - BSTTH - BS - CERE,UKI,UKI
UKI - ENTR - TMTCBS - BSTTH - BS - PROSERV - 1,UKI,UKI
UKI - ENTR - TMTCBS - BSTTH - BS - PROSERV - 2,UKI,UKI
UKI - ENTR - TMTCBS - BSTTH - TTH - 1,UKI,UKI
UKI - ENTR - TMTCBS - BSTTH - TTH - 2,UKI,UKI
UKI - ENTR - TMTCBS - CMT - CM - 1,UKI,UKI
UKI - ENTR - TMTCBS - CMT - CM - 2,UKI,UKI
UKI - ENTR - TMTCBS - CMT - CM - 3,UKI,UKI
UKI - ENTR - TMTCBS - CMT - TECH,UKI,UKI
UKI - ENTR - UNILEVER - KA - RVP,UKI,UKI
SMB - AMER - ESB - GEO - EW - EW1 - MGR,SMB,SMB
LATAM - MX - ENTR - VERT2 - VERT3 - RVP,LATAM,LATAM
UKI - CMRCL - MM - NL - 2,UKI,UKI
ANZ - AU - CMRCL - NORTH - 02 - GB - MGR,ANZ,ANZ
AMER - ACC - TMT - CMRCL - E - ATL - RVP,ACC,TMT
JP - FS - EBU3 - FINSCHU - CHU - MM,JP,JP
JP - FS - EBU1 - TKO - MM - BTC - 2 - MGR,JP,JP
SASIA - INDIA - PRIME - TECH - SOUTH,SASIA,INDIA
EMEA - SOUTH - IB - ES - IND - EBU - CAT - RVP,SOUTH,SOUTH
AMER - ICE - CMRCL - MFG - W - NL - MM,ICE,MAE
SMB - AMER - ESB - FINS - EF - EF6,SMB,SMB
JP - SMB - GRB1 - 01 - TKO1 - RVP,JP,JP
SMB - AMER - ESB - FINS - EF - EF5,SMB,SMB
SMB - AMER - ESB - FINS - EF - EF7,SMB,SMB
SMB - AMER - ESB - FINS - EF - EF6 - MGR,SMB,SMB
SASIA - INDIA - PRIME - TECH - SOUTH - RSD,SASIA,INDIA
SASIA - INDIA - PRIME - TECH - WEST,SASIA,INDIA
AMER - ACC - TMT - ENTR - TECH - W - SF3,ACC,TMT
AMER - REG - FINS - ENTR - BW - A - RVP,REG,FINS
AMER - ACC - TMT - ENTR - TECH - E2 - NE2GB - RVP,ACC,TMT
AMER - REG - HLS - HC - PAY - ENTR - SOUTH - RVP,REG,HLS
SMB - AMER - EVP,SMB,SMB
UKI - ENTR - SVP,UKI,UKI
SMB - EMEA - SVP,SMB,SMB
SMB - AMER - GRB - GEO - S - S5 - ILC,SMB,SMB
SMB - AMER - GRB - GEO - S - S5 - ATX,SMB,SMB
SMB - AMER - GRB - GEO - E - E6 - DET,SMB,SMB
SMB - AMER - GRB - GEO - E - E6 - ZOA,SMB,SMB
AMER - ICE - ENTR - RCG - CG - FMCG - 03 - RVP,ICE,RCG
AMER - ACC - TMT - ENTR - TECH - W - LA1 - RVP,ACC,TMT
UKI - ENTR - TMTCBS - BSTTH - BS - PROSERV - 2 - RVP,UKI,UKI
SMB - AMER - GRB - GEO - E - E6 - NDY,SMB,SMB
SMB - AMER - GRB - GEO - S - S5 - IAM,SMB,SMB
SMB - AMER - GRB - GEO - E - E6 - WCY,SMB,SMB
SMB - AMER - GRB - GEO - E - E6 - CLV,SMB,SMB
SMB - AMER - GRB - GEO - C - C3 - HDA,SMB,SMB
SMB - AMER - GRB - GEO - S - S5 - KCI,SMB,SMB
SMB - AMER - GRB - GEO - S - S5 - HDB,SMB,SMB
UKI - ENTR - REG - INSURANCE - 3,UKI,UKI
SMB - AMER - ESB - CAN - CA - CAR,SMB,SMB
SMB - LATAM - GRB - BR - SP - RSD,SMB,SMB
AMER - ACC - TMT - ENTR - TECH - W - SF3GB,ACC,TMT
SMB - EMEA - ESB - NORTH - BNL - ASPOOL,SMB,SMB
SASIA - ASEAN - ESMB - VN - SB,SASIA,ASEAN
SASIA - ASEAN - ESMB - ID - GRB,SASIA,ASEAN
AMER - ACC - CBS - CMRCL - NL - NES - MM,ACC,CBS
EMEA - SOUTH - ME - KSA - STRAT,SOUTH,SOUTH
PAM - SASIA - ASEAN - Leader - 1,SASIA,ASEAN
AMER - REG - HLS - LS - ENTR - B - JM - RVP,REG,HLS
SASIA - INDIA - FCI - FINS - WEST - ENTR - RSD,SASIA,INDIA
AMER - REG - HLS - HC - PAY - ENTR - AVP,REG,HLS
AMER - REG - FINS - MMGB - GB - E - BW - A - RVP,REG,FINS
ANZ - AU - CMRCL - FINS - MGR,ANZ,ANZ
SMB - AMER - ESB - GEO - EW - EW4 - MGR,SMB,SMB
SMB - AMER - ESB - FINS - WF - WF7 - MGR,SMB,SMB
SMB - LATAM - AVP,SMB,SMB
PS - APAC - ANZ - C - Fed - RVP,GPS,GPS
NP - AMER - NGO - ENTR - NE - RVP,GPS,GPS
LATAM - GRW - ENTR - CL - PE - AVP,LATAM,LATAM
EMEA - NORTH - NL - SVP,NORTH,NORTH
SASIA - INDIA - PRIME - HRE - WEST - MGR,SASIA,INDIA
AMER - ACC - CBS - CMRCL - NL - SSE - MM,AMER,ACC
SMB - AMER - GRB - GEO - H - NL - BTC,SMB,SMB
JP - SMB - ESB - SB3 - SELFSERVE,JP,JP
SASIA - INDIA - PRIME - ME - ENTR - RVP,SASIA,INDIA
EMEA - CENTRAL - DE - V2 - RCGCM - RCG - TOP - RSD,CENTRAL,CENTRAL
ANZ - AU - ENTR - IND - 02 - MGR,ANZ,ANZ
UKI - ENTR - ICE - RCG - AVP,UKI,UKI
LATAM - BR - CMRCL - REG2 - RSD,LATAM,LATAM
EMEA - NORTH - NOR - NO - CMRCL - RVP,NORTH,NORTH
