ACCT_ID_18,Account_ID_Join,CASE_ID,Account Name,Current Phase,Program,Program Status
0013000000ZjiAlAAJ,0013000000ZjiAl,500ed00000JknMPAAZ,ADT LLC,Created,M100,Exited Early
0013y00001gDUClAAO,0013y00001gDUCl,500ed00000QOt2nAAD,Amazon TSI SOLACE (AWS),Used,M100,Approved
0013000000hJI0wAAG,0013000000hJI0w,500ed00000WQ4iIAAT,Amazon.com Services LLC,Purchased SKU,M100,Approved
0010M00001Qm8nYQAR,0010M00001Qm8nY,500ed00000WF0NCAA1,ASGN Inc./Apex Systems (HQ Main Org),Used,M100,Approved
0013000001CB9EpAAL,0013000001CB9Ep,500ed00000I6MYAAA3,"AT&T Services, Inc.",,M100,Approved
0013000000JIDUkAAP,0013000000JIDUk,500ed00000EcPzpAAF,"Avetta, LLC",Consistently Using,M100,Exited Early
0013000000JIDUkAAP,0013000000JIDUk,500ed00000PLjDRAA1,"Avetta, LLC",Consistently Using,M100,Exited Early
0013y00001c7BeoAAE,0013y00001c7Beo,500ed00000I6MYBAA3,Bain & Company - Main (Cortex),Created,M100,Exited Early
0013000001CBNFAAA5,0013000001CBNFA,500ed00000EcRASAA3,BambooHR 2nd Org,Consistently Using,M100,Exited Early
0013000000GLjJmAAL,0013000000GLjJm,500ed00000RE5wMAAT,CBRE Inc. (CIQ - Corporate Account - OrgID 00Di0000000amTo),,M100,Approved
0013y00001c4cRPAAY,0013y00001c4cRP,500ed00000VbVUPAA3,"Cox Automotive Corporate Services, LLC",Activated,M100,Approved
0013000001CAoabAAD,0013000001CAoab,500ed00000RE0gYAAT,"Cox Corporate Services, Inc.",Used,M100,Approved
0013000000ronZUAAY,0013000000ronZU,500ed00000P7DGfAAN,"CrowdStrike, Inc.",Consistently Using,Surge,Approved
0013000000NQhgDAAT,0013000000NQhgD,500ed00000EcRAXAA3,"Datasite LLC, formerly known as Merrill Communications LLC",Consistently Using,M100,Graduated
00100000001UPGhAAO,00100000001UPGh,500ed00000P7DGgAAN,"Dell USA, L.P.",Created,M100,Approved
0013y00001besY5AAI,0013y00001besY5,500ed00000MKlW5AAL,DIRECTV - DTV360,Consistently Using,M100,Approved
0013000000hIjoCAAS,0013000000hIjoC,500ed00000DvhToAAJ,Disney Streaming Services LLC,,M100,Approved
00100000000yVWnAAM,00100000000yVWn,500ed00000VbVMLAA3,"Disney Worldwide Services, Inc",,M100,Approved
0013000000hJOi1AAG,0013000000hJOi1,500ed00000EcRAUAA3,Engine (formerly Hotel Engine),Consistently Using,M100,Approved
00130000000HPWVAA4,00130000000HPWV,500ed00000Iw47JAAR,Equinox Fitness Clubs,Consistently Using,M100,Approved
0010M00001YuEf0QAF,0010M00001YuEf0,500ed00000TvdGsAAJ,Federal Express Corporation,Used,M100,Approved
0010000000000h9AAA,0010000000000h9,500ed00000JknMVAAZ,Federal Express Corporation,Used,M100,Approved
0010M00001V4BgIQAV,0010M00001V4BgI,500ed00000WF0NDAA1,GBT Travel Services UK Limited (Select),Created,M100,Approved
00100000001E1OPAA0,00100000001E1OP,500ed00000I654LAAR,"Heidrick & Struggles International, Inc.",Created,M100,Exited Early
0013y00001cUVR0AAO,0013y00001cUVR0,500ed00000EfLRsAAN,"Indeed, Inc",Consistently Using,M100,Approved
0010M00001Z0RFNQA3,0010M00001Z0RFN,500ed00000IvkWoAAJ,Intuit Inc. - CXM org,Used,Surge,Approved
0010M00001Z0RFNQA3,0010M00001Z0RFN,500ed00000VDHu2AAH,Intuit Inc. - CXM org,Used,Surge,Approved
00130000004UfHdAAK,00130000004UfHd,500ed00000T8MfNAAV,KPMG LLP,Used,M100,Approved
00130000000rUlVAAU,00130000000rUlV,500ed00000DGEtxAAH,Lennar Corporation*,Consistently Using,M100,Approved
001ed00000CisDtAAJ,001ed00000CisDt,500ed00000I6MYIAA3,Lumen - New Enterprise Org (NEO) X9I,Used,M100,Approved
00100000000idWKAAY,00100000000idWK,500ed00000EsRWDAA3,Marriott International Administrative Services Inc.,Created,M100,Approved
0013y00001cgSydAAE,0013y00001cgSyd,500ed00000WF0NHAA1,McAfee LLc - New Service Org,Consistently Using,M100,Approved
0013y00001f62K6AAI,0013y00001f62K6,500ed00000WF0NFAA1,"McKinsey & Company, Inc. United States",Used,M100,Approved
00130000005np5DAAQ,00130000005np5D,500ed00000Y62ZpAAJ,"Meta Platforms, Inc.",Purchased SKU,M100,Approved
0010M00001W8IffQAF,0010M00001W8Iff,500ed00000I6MY9AAN,MGMPlus Entertainment LLC,Purchased SKU,M100,Exited Early
0013000000RaHhWAAV,0013000000RaHhW,500ed00000JUu3SAAT,"MongoDB, Inc.",Activated,M100,Exited Early
0013y00001cItCwAAK,0013y00001cItCw,500ed00000EcRH5AAN,Montway LLC DBA Montway Auto Transport,Consistently Using,M100,Graduated
001000000004aOoAAI,001000000004aOo,500ed00000RE0AJAA1,NVIDIA Corporation,Used,M100,Approved
0010000000004GvAAI,0010000000004Gv,500ed00000ENnw2AAD,"OpenTable, Inc.",Consistently Using,M100,Approved
001300000025ReUAAU,001300000025ReU,500ed00000QTbBhAAL,"PayPal, Inc. (Main)",Created,M100,Exited Early
0013000001GHjIsAAL,0013000001GHjIs,500ed00000DjnWXAAZ,"Pearson Education, Inc.",Consistently Using,Surge,Approved
00130000001JFI2AAO,00130000001JFI2,500ed00000QxmpfAAB,"Perficient, Inc.",Used,M100,Approved
0013y00001Z0i8EAAR,0013y00001Z0i8E,500ed00000IffMcAAJ,PricewaterhouseCoopers Global Licensing Services Corporation,,M100,Approved
00100000002JlrNAAS,00100000002JlrN,500ed00000Iw45hAAB,Proquire LLC*,Consistently Using,M100,Approved
0013000001GWDltAAH,0013000001GWDlt,500ed00000EcRGzAAN,"Reddit, Inc.",Consistently Using,M100,Graduated
00130000016gEL8AAM,00130000016gEL8,500ed00000Dh8ioAAB,"Risepoint, LLC",Activated,M100,Graduated
0013000000JIu1eAAD,0013000000JIu1e,500ed00000EcRAkAAN,Rochester Electronics,Used,M100,Graduated
0013y00001crJuMAAU,0013y00001crJuM,500ed00000EcRH3AAN,ShiftKey,Used,M100,Exited Early
0010000000000X1AAI,0010000000000X1,500ed00000T2hWPAAZ,Slalom,Created,M100,Approved
00130000016iYD7AAM,00130000016iYD7,500ed00000DnQ8LAAV,Smartsheet Inc.,Consistently Using,M100,Approved
0010M00001Sq0iNQAR,0010M00001Sq0iN,500ed00000Iw445AAB,"Sonos, Inc. (Primary)",Used,M100,Approved
0013000000M1b5RAAR,0013000000M1b5R,500ed00000P7DGhAAN,Southwest Airlines Co.,Consistently Using,M100,Approved
0013y00001fYQXBAA4,0013y00001fYQXB,500ed00000Fj0o2AAB,SubroIQ,Consistently Using,M100,Exited Early
001ed00000oqrY5AAI,001ed00000oqrY5,500ed00000VbVe5AAF,Ticketmaster Fan Experience,Activated,M100,Approved
0013y00001cU5WQAA0,0013y00001cU5WQ,500ed00000ExFuDAAV,Trimble Illuminate,Consistently Using,M100,Approved
0010M00001QjxcFQAR,0010M00001QjxcF,500ed0000093jBWAAY,"Twitch Interactive, Inc.",Used,M100,Approved
0010M00001WJB2hQAH,0010M00001WJB2h,500ed00000EcRATAA3,UFL - United Football League,Consistently Using,M100,Graduated
00130000004lxOuAAI,00130000004lxOu,500ed00000JcEILAA3,UKG Inc. - Kronos Org,Used,M100,Exited Early
0013000000hKGP1AAO,0013000000hKGP1,500ed00000MKlW4AAL,Verizon Sourcing LLC,,M100,Approved
0013000000rqQvxAAE,0013000000rqQvx,500ed00000EcRGxAAN,Wiley Corporate (main),Consistently Using,M100,Approved
00100000001SUxVAAW,00100000001SUxV,500ed00000JkpKjAAJ,Ace Hardware Corporation,No SKU,M100,Exited Early
001000000002RSOAA2,001000000002RSO,500ed00000CDFK7AAP,"American Honda Motor Co., Inc.",No SKU,M100,Exited Early
00100000000iSR5AAM,00100000000iSR5,500ed00000OQuC1AAL,Caterpillar Inc.,Purchased SKU,M100,Approved
0013y00001d1rOYAAY,0013y00001d1rOY,500ed00000JknMSAAZ,David Yurman Enterprises LLC - 2nd Org,Consistently Using,M100,Approved
0013y00001cFUpWAAW,0013y00001cFUpW,500ed00000Jc1bGAAR,Eaton Main,Used,M100,Approved
0013y00001d7TSEAA2,0013y00001d7TSE,500ed00000SSyAnAAL,FUNKO (Primary Org),Consistently Using,M100,Approved
0010M00001QmKttQAF,0010M00001QmKtt,500ed00000QxpXPAAZ,GE Vernova International LLC,Used,M100,Approved
0010M00001YFiNhQAL,0010M00001YFiNh,500ed00000EJAICAA5,"Haier US Appliance Solutions, Inc. DBA GE Appliances*",Consistently Using,M100,Graduated
0010M00001QqrBxQAJ,0010M00001QqrBx,500ed00000JknMUAAZ,"Halliburton Energy Services, Inc.",Used,M100,Graduated
0010M00001U1ezeQAB,0010M00001U1eze,500ed00000JnPaFAAV,Honeywell International Inc. - SPS,Created,M100,Approved
00130000016hEi2AAE,00130000016hEi2,500ed00000DFxujAAD,iFIT Inc.,Used,M100,Exited Early
0013y00001fEfpCAAS,0013y00001fEfpC,500ed00000U70gMAAR,Jeppesen | ForeFlight,Created,M100,Approved
0010M00001SIfqLQAT,0010M00001SIfqL,500ed00000Wb1p7AAB,Mary Kay Inc. (Org 2 NA),Used,M100,Approved
00100000000oL01AAE,00100000000oL01,500ed00000EcRAWAA3,Mitsubishi Electric Trane HVAC US LLC,Used,M100,Exited Early
00100000000tKHPAA2,00100000000tKHP,500ed00000EcRARAA3,Newell Brands Inc.,Consistently Using,M100,Approved
0013y00001cCe99AAC,0013y00001cCe99,500ed00000Jhm9oAAB,"PepsiCo, Inc.",Used,M100,Approved
0013y00001cIoruAAC,0013y00001cIoru,500ed00000Di9PtAAJ,Saks.com LLC,Consistently Using,M100,Approved
0013000001GUMoAAAX,0013000001GUMoA,500ed00000U6x7PAAR,SharkNinja Operating LLC,Consistently Using,M100,Approved
00100000001lzjGAAQ,00100000001lzjG,500ed00000IK8LdAAL,Southern California Edison,Created,M100,Exited Early
0013000000JIBWVAA5,0013000000JIBWV,500ed00000I6MYKAA3,The Goodyear Tire & Rubber Company*,Used,M100,Exited Early
0013y00001eU9fSAAS,0013y00001eU9fS,500ed00000YQM9NAAX,The Hershey Company,Created,M100,Approved
0013000001NXIG2AAP,0013000001NXIG2,500ed00000JknMTAAZ,"The Home Depot U.S.A., Inc.",Created,M100,Approved
0013y00001ejGc8AAE,0013y00001ejGc8,500ed00000E44wDAAR,"VF Services, LLC on behalf of Consumer Care",Used,M100,Approved
0013000000hK5D7AAK,0013000000hK5D7,500ed00000EgjruAAB,"Vivint, Inc. (Main Org)",Consistently Using,Voice,Approved
00100000001CwOiAAK,00100000001CwOi,500ed00000Cux89AAB,"Williams-Sonoma, Inc.",Consistently Using,Voice,Approved
00100000002Em7HAAS,00100000002Em7H,500ed00000IvmFGAAZ,"ADP, Inc.",Consistently Using,M100,Approved
001000000012srhAAA,001000000012srh,500ed00000W2is9AAB,Aetna Life Insurance Company,Purchased SKU,M100,Approved
00130000002xANGAA2,00130000002xANG,500ed00000IV0XhAAL,"Arc’teryx Equipment, a division of Amer Sports Canada Inc.",Consistently Using,M100,Graduated
00130000001Tqk1AAC,00130000001Tqk1,500ed00000JknMNAAZ,Ascension Health Alliance,Created,M100,Approved
00100000001hgYGAAY,00100000001hgYG,500ed00000XvwKPAAZ,Auto Club Group,Consistently Using,M100,Approved
0013000000ZkhweAAB,0013000000Zkhwe,500ed00000UIYV0AAP,Automobile Club of Southern California,Consistently Using,M100,Approved
0013000000rpYo2AAE,0013000000rpYo2,500ed00000NFWn8AAH,"Bank of America, N.A.",,M100,Approved
0010M00001WZ3EoQAL,0010M00001WZ3Eo,500ed00000DzNwIAAV,Blue Cross and Blue Shield of North Carolina,Consistently Using,M100,Approved
00130000008ebNgAAI,00130000008ebNg,500ed00000I79ygAAB,Bombardier Inc.,Used,M100,Approved
0010M00001Wkl7SQAR,0010M00001Wkl7S,500ed00000I654KAAR,Centene Corporation,Consistently Using,M100,Approved
00100000001qYN7AAM,00100000001qYN7,500ed00000IkDJLAA3,Cepheid,Used,M100,Graduated
00100000001qYN7AAM,00100000001qYN7,500ed00000PydxnAAB,Cepheid,Used,M100,Graduated
0013y00001f95hBAAQ,0013y00001f95hB,500ed00000WlbjFAAR,CMG Financial (FSC Org),Used,M100,Approved
00130000016jl2tAAA,00130000016jl2t,500ed00000JUu3UAAT,Deciem,Consistently Using,M100,Graduated
00130000004DKtdAAG,00130000004DKtd,500ed00000N1NADAA3,Eastern Bank,Used,M100,Approved
0013000000RX6uWAAT,0013000000RX6uW,500ed00000I6MYEAA3,Elevance Health - Commercial 2.0,Created,M100,Approved
0010M00001QakikQAB,0010M00001Qakik,500ed00000Olc43AAB,"JPMorgan Chase Bank, National Association",Purchased SKU,M100,Exited Early
0013y00001gCoZoAAK,0013y00001gCoZo,500ed00000IV0XfAAL,"lululemon athletica Canada, Inc.",Consistently Using,Surge,Approved
0010M00001JzikWQAR,0010M00001JzikW,500ed00000LX1VtAAL,Pentagon Federal Credit Union,Consistently Using,M100,Approved
001ed000001OXjvAAG,001ed000001OXjv,500ed00000BQYvlAAH,Pfizer - Life Sciences Cloud,Created,M100,Approved
0013000000NPztOAAT,0013000000NPztO,,"RBC CAPITAL MARKETS, LLC*",Used,M100,Exited Early
0013y00001dOEMuAAO,0013y00001dOEMu,500ed00000JknMMAAZ,RUSH Health Cloud,Used,M100,Approved
0013000000roCBOAA2,0013000000roCBO,500ed00000JUu3WAAT,Skin Vitality,Consistently Using,M100,Graduated
0013000000RYPmWAAX,0013000000RYPmW,500ed00000DPUhmAAH,Stryker Corporation,Used,M100,Approved
0013y00001cCZngAAG,0013y00001cCZng,500ed00000JknMIAAZ,The Prudential Insurance Company of America,Used,Surge,Approved
0013000000rpZAwAAM,0013000000rpZAw,500ed00000JknMOAAZ,THE UNIVERSITY OF CHICAGO MEDICAL CENTER,Created,M100,Approved
00100000000y4SWAAY,00100000000y4SW,500ed00000EE7HiAAL,Vision Service Plan,Used,Surge,Approved
0010M00001WabjXQAR,0010M00001WabjX,500ed00000EcRAbAAN,ABI Interiors,Consistently Using,M100,Exited Early
0010M00001SejQ4QAJ,0010M00001SejQ4,500ed00000TtNjFAAV,Australia and New Zealand Banking Group Limited,Created,M100,Approved
0013000000HGA1AAAX,0013000000HGA1A,500ed00000JknMAAAZ,Australia and New Zealand Banking Group Limited,Used,M100,Approved
00130000002xL6LAAU,00130000002xL6L,500ed00000EcRAYAA3,Fisher & Paykel Appliances Limited,Consistently Using,M100,Approved
0013000001LWzB6AAL,0013000001LWzB6,500ed00000X4a6jAAB,Kogan Australia Pty Ltd,Consistently Using,M100,Approved
0010M00001Sq2wrQAB,0010M00001Sq2wr,500ed00000EcRAZAA3,MAGENTUS GROUP SERVICES PTY LTD,Used,M100,Graduated
0010M00001SJ8IhQAL,0010M00001SJ8Ih,500ed00000EcRAeAAN,NIGHTOWL CORPORATE PTY LTD,Consistently Using,M100,Graduated
00130000002xRp7AAE,00130000002xRp7,500ed00000EcRAcAAN,Norths Collective,Used,M100,Graduated
0013y00001fEk4UAAS,0013y00001fEk4U,500ed00000R5SIfAAN,One New Zealand Group Limited,Consistently Using,M100,Approved
00130000000LMSoAAO,00130000000LMSo,500ed00000IffZVAAZ,One New Zealand Group Limited,Used,M100,Approved
0010M00001SIbbJQAT,0010M00001SIbbJ,500ed00000W22jFAAR,Telstra Limited,Created,M100,Approved
0013000000M2jOhAAJ,0013000000M2jOh,500ed00000JUu3XAAT,Woolworths Group Limited,Used,M100,Graduated
0013000001GXLgoAAH,0013000001GXLgo,500ed00000JUu3YAAT,Xero Limited,Used,M100,Approved
0010M00001Y5R0dQAF,0010M00001Y5R0d,500ed00000VUTIrAAP,BASF SE,Created,M100,Approved
00130000002xDvfAAE,00130000002xDvf,500ed00000IkDJOAA3,KARL STORZ SE & Co. KG,Activated,M100,Exited Early
0010M00001P0Ub9QAF,0010M00001P0Ub9,500ed00000QmyhGAAR,Mercedes-Benz Group AG,Used,M100,Approved
0010M00001Sq4xIQAR,0010M00001Sq4xI,500ed00000JknMFAAZ,Siemens Corporation,Used,M100,Approved
0013000000FdMeiAAF,0013000000FdMei,500ed00000Jhm9jAAB,Société des Produits Nestlé SA*,Used,M100,Approved
00130000002xDWcAAM,00130000002xDWc,500ed00000IkDJNAA3,Volkswagen AG,,M100,Approved
00130000016gnKNAAY,00130000016gnKN,500ed00000XXRJNAA5,World Economic Forum,Used,M100,Approved
0013000000hL0KlAAK,0013000000hL0Kl,500ed00000I654IAAR,Bouygues Telecom,Used,M100,Approved
00130000000Iro8AAC,00130000000Iro8,500ed00000Sn0OYAAZ,Capgemini Service SAS,,M100,Approved
0013000001MntXUAAZ,0013000001MntXU,500ed00000I6MYCAA3,CMA CGM SA,Consistently Using,M100,Exited Early
0013000001GGD4ZAAX,0013000001GGD4Z,500ed00000EcRH0AAN,Ecovadis SAS,Consistently Using,M100,Graduated
0013000000JgUnPAAV,0013000000JgUnP,500ed00000IkDJKAA3,L'OREAL SA,,M100,Approved
0010M00001NYVupQAH,0010M00001NYVup,500ed00000MKlW0AAL,LVMH Moet Hennessy - Louis Vuitton SE,,M100,Approved
0013y00001gDQ0GAAW,0013y00001gDQ0G,500ed00000EcRH1AAN,Woosmap,Used,M100,Exited Early
0010M00001SejsIQAR,0010M00001SejsI,500ed00000JknM9AAJ,ENGIE Information et Technologies SA,Used,M100,Exited Early
0013000001J5yBEAAZ,0013000001J5yBE,500ed00000DLnJBAA1,Finnair Oyj B2B Sales,Consistently Using,M100,Approved
0013000000Elv7bAAB,0013000000Elv7b,500ed00000IP7OzAAL,Heineken International BV,Purchased SKU,M100,Exited Early
0013000001CCuQ4AAL,0013000001CCuQ4,500ed00000EPFjlAAH,PANDORA A/S,Consistently Using,M100,Approved
0010M00001U1b4iQAB,0010M00001U1b4i,500ed00000HWIfxAAH,reMarkable AS,Consistently Using,M100,Approved
0013y00001e2oVNAAY,0013y00001e2oVN,500ed00000QyGUMAA3,Takeaway.com Central Core B.V..,Used,M100,Approved
0013000000Zkf5pAAB,0013000000Zkf5p,500ed00000UacofAAB,Trustpilot A/S,Consistently Using,M100,Approved
0010M00001QjvqwQAB,0010M00001Qjvqw,500ed00000EcRGvAAN,AEDAS HOMES S.A.,Consistently Using,M100,Graduated
0013000000M1RC7AAN,0013000000M1RC7,500ed00000T3poTAAR,"AXA SEGUROS GENERALES, S.A.",Consistently Using,M100,Graduated
00130000002xJBaAAM,00130000002xJBa,500ed00000DkfQUAAZ,"Banco de Crédito Social Cooperativo, SA",Consistently Using,M100,Graduated
00130000002xIwJAAU,00130000002xIwJ,500ed00000DxrLlAAJ,CaixaBank Tech S.L.U.,Used,M100,Approved
00130000002xIP9AAM,00130000002xIP9,500ed00000DV8ugAAD,Calzedonia SpA,Consistently Using,M100,Approved
0013000000NT1ngAAD,0013000000NT1ng,500ed00000I6MYFAA3,eToro Ltd.,Consistently Using,M100,Approved
0010M00001WkNbIQAV,0010M00001WkNbI,500ed00000EcRGtAAN,Nexo Capital Inc.,Consistently Using,M100,Graduated
00130000008ea9KAAQ,00130000008ea9K,500ed00000VC5uwAAD,"Repsol, S.A.",Consistently Using,M100,Approved
0013y00001dX6TBAA0,0013y00001dX6TB,500ed00000EcRAnAAN,"LG CNS CO.,LTD.",No SKU,M100,Exited Early
0010M00001SJK7UQAX,0010M00001SJK7U,500ed00000JSu4NAAT,LY Corporation (CS),Used,M100,Approved
0013000001CCq4UAAT,0013000001CCq4U,500ed00000IV0XdAAL,Banco de Crédito e Inversiones S.A.,Used,M100,Approved
0013000000IkQD7AAN,0013000000IkQD7,500ed00000VVvY4AAL,CIELO S.A - INSTITUICAO DE PAGAMENTO,Consistently Using,M100,Approved
0013000001C9skXAAR,0013000001C9skX,500ed00000E6UEfAAN,Falabella Tecnologia Corporativa SpA,Consistently Using,M100,Approved
0013y00001exv2KAAQ,0013y00001exv2K,500ed00000EcRAlAAN,GLOBO COMUNICACAO E PARTICIPACOES S/A - D2C - ID 348375,Consistently Using,M100,Approved
0013y00001cMnl0AAC,0013y00001cMnl0,500ed00000EcRH4AAN,Grupo Primo,Used,M100,Graduated
0013000000hJJ4FAAW,0013000000hJJ4F,500ed00000KoxpNAAR,iFood.com Agência de Restaurantes Online S.A,Consistently Using,M100,Approved
00130000005dLuMAAU,00130000005dLuM,500ed00000MKlVxAAL,MercadoLibre SRL,Used,M100,Approved
001ed00000SIsEkAAL,001ed00000SIsEk,500ed00000T9aLKAAZ,Prodesp - Empresa de TI do Estado de São Paulo_PPT,Used,M100,Approved
00130000005tQ9vAAE,00130000005tQ9v,500ed00000Y9mufAAB,Telecom Argentina S.A.,Used,M100,Approved
00130000005tQ9vAAE,00130000005tQ9v,500ed00000QTRM2AAP,Telecom Argentina S.A.,Used,M100,Approved
001ed00000ND01oAAD,001ed00000ND01o,500ed00000JsyQrAAJ,Harvard Business School,Purchased SKU,M100,Exited Early
00130000003Of4xAAC,00130000003Of4x,500ed00000Jhm9mAAB,Internal Revenue Service,,M100,Exited Early
0013000001CArCyAAL,0013000001CArCy,500ed00000PKDqjAAH,"Seminole Hard Rock Support Services, LLC",Consistently Using,M100,Approved
001ed000006y4dHAAQ,001ed000006y4dH,500ed00000UWmMnAAL,Texas Department of Public Safety - DL Contact Center,Purchased SKU,M100,Approved
0013000000ITptiAAD,0013000000ITpti,500ed00000Jhm9nAAB,United States Postal Service (USPS Main Org),Purchased SKU,M100,Approved
0013y00001cb760AAA,0013y00001cb760,500ed00000EcRAmAAN,Unity Environmental University - Education Cloud Org,Consistently Using,M100,Graduated
0013000000M2NACAA3,0013000000M2NAC,500ed00000NFWn7AAH,University of North Carolina Charlotte,Consistently Using,M100,Approved
00130000009hFp5AAE,00130000009hFp5,500ed00000KoxpOAAR,Australian Postal Corporation,Consistently Using,M100,Approved
0013000001EZJaBAAX,0013000001EZJaB,500ed00000SqwfhAAB,Australian Taxation Office,Used,M100,Graduated
0013000000hJrzcAAC,0013000000hJrzc,500ed00000Jhm9lAAB,AARP Consumer Care,Used,M100,Approved
0013000000ZjacRAAR,0013000000ZjacR,500ed00000PUg9tAAD,Pacific Clinics (Former Uplift Family Services Account),Used,M100,Graduated
0013000001GXIrlAAH,0013000001GXIrl,500ed00000FtXabAAF,1-800 Accountant,Consistently Using,M100,Graduated
0010M00001QmebaQAB,0010M00001Qmeba,500ed00000EcRGyAAN,"AUM BioTech, LLC",Used,M100,Graduated
0013000000M2yDWAAZ,0013000000M2yDW,500ed00000EcRAhAAN,BestPass,Used,M100,Exited Early
0013y00001cSrB7AAK,0013y00001cSrB7,500ed00000Bpg0TAAR,Big Think Capital,Used,M100,Exited Early
0013000000NPLEkAAP,0013000000NPLEk,500ed00000E5QOPAA3,"Brooklyn Nets, LLC",Used,M100,Graduated
0013000000Hmbi9AAB,0013000000Hmbi9,500ed00000P6pnpAAB,ChiroTouch,Used,M100,Approved
0013y00001h1m49AAA,0013y00001h1m49,500ed00000OwL9YAAV,Clay,No SKU,M100,Graduated
0013y00001cw1lAAAQ,0013y00001cw1lA,500ed00000PFsUjAAL,"ClickHouse, Inc.",Purchased SKU,M100,Approved
0013y00001d9IJcAAM,0013y00001d9IJc,500ed00000WKyLoAAL,Come Near,,M100,Approved
0010M00001Z0AxKQAV,0010M00001Z0AxK,500ed00000S6cC9AAJ,Conquest Planning Inc. USA,Purchased SKU,M100,Approved
0013000001JyYT8AAN,0013000001JyYT8,500ed00000P1qhLAAR,Imagine Learning LLC (Weld North Education),Used,M100,Approved
0013000001MjUeJAAV,0013000001MjUeJ,500ed00000TqBQ5AAN,IntelliShift,Used,M100,Exited Early
0010M00001UVCPVQA5,0010M00001UVCPV,500ed00000MKlVyAAL,"Notion Labs, Inc",Purchased SKU,M100,Exited Early
0013000001JcwR2AAJ,0013000001JcwR2,500ed00000YAua2AAD,"PayActiv, Inc.",Used,M100,Approved
0013000001L6Ui3AAF,0013000001L6Ui3,500ed00000FmJm7AAF,Quip Toothbrush,,M100,Exited Early
0010M00001VMeYPQA1,0010M00001VMeYP,500ed00000E4VzeAAF,ReadyMode,Consistently Using,M100,Graduated
0013y00001evvWAAAY,0013y00001evvWA,500ed00000EEvWEAA1,Remi,Consistently Using,M100,Graduated
0013y00001h7VDyAAM,0013y00001h7VDy,500ed00000EfLRrAAN,Russell Alexander Collaborative Family Lawyers,Used,M100,Exited Early
0010M00001P064bQAB,0010M00001P064b,500ed00000SqLWUAA3,"SaaStr, Inc.",Used,M100,Approved
0013y00001d73F8AAI,0013y00001d73F8,500ed00000X4a6lAAB,Sandbox Quantum,Purchased SKU,M100,Approved
0013000000ZlcdMAAR,0013000000ZlcdM,500ed00000Q5hjiAAB,SIAA/ SAN Group,Used,M100,Approved
0010M00001V48oUQAR,0010M00001V48oU,500ed00000EcRAfAAN,Studio Designer,Consistently Using,M100,Exited Early
0013y00001dO1HlAAK,0013y00001dO1Hl,500ed00000EcRAVAA3,Synaptic,Used,M100,Graduated
0010M00001YbBWFQA3,0010M00001YbBWF,500ed00000XEq0aAAD,"Webflow, Inc.",No SKU,M100,Approved
0010M00001QmTdLQAV,0010M00001QmTdL,500ed00000MKlW1AAL,Writer,Created,M100,Exited Early
0010M00001WaTp1QAF,0010M00001WaTp1,500ed00000U0nNeAAJ,"Zing Health, Inc",Used,M100,Approved
0013y00001dkCEVAA2,0013y00001dkCEV,500ed00000EcRAiAAN,FMA Creations Oy,Consistently Using,M100,Exited Early
0010M00001P0OIrQAN,0010M00001P0OIr,500ed00000EcRAQAA3,QLF Brands B.V.,Used,M100,Exited Early
0010M00001OzzNlQAJ,0010M00001OzzNl,500ed00000EcRAgAAN,ROSSELLI & RUIZ SL,Consistently Using,M100,Approved
0013y00001eigfGAAQ,0013y00001eigfG,500ed00000EcRAPAA3,"TOPCAR RAC, SOCIEDAD LIMITADA",Consistently Using,M100,Graduated
0013000001LVcvgAAD,0013000001LVcvg,500ed00000BSdo5AAD,Yomoni,Consistently Using,M100,Graduated
0013y00001cbE05AAE,0013y00001cbE05,500ed00000VtEzmAAF,Bharti Airtel Limited,Activated,M100,Approved
0013y00001cQAOfAAO,0013y00001cQAOf,500ed00000EcRGwAAN,PRISM TECH PRIVATE LIMITED,Used,M100,Exited Early
0013000000E1rniAAB,0013000000E1rni,500ed00000P29glAAB,SCOOT PTE. LTD.,Consistently Using,M100,Approved
0013000000RZSH2AAP,0013000000RZSH2,500ed00000P29gjAAB,Singapore Life Ltd. (formerly known as Aviva Ltd),Consistently Using,M100,Approved
0010M00001QqZNTQA3,0010M00001QqZNT,500ed00000Iw42TAAR,Adecco UK&I ISV-TR,Consistently Using,Voice,Approved
0010M00001QahqoQAB,0010M00001Qahqo,500ed00000MogdhAAB,bp International Ltd,Created,M100,Exited Early
0013000000RXmonAAD,0013000000RXmon,500ed00000I7hYvAAJ,British Telecommunications PLC,No SKU,M100,Exited Early
0013000001GGnWiAAL,0013000001GGnWi,500ed00000EEq57AAD,Capita Shared Services Ltd.,Consistently Using,M100,Approved
0013000000LBLjLAAX,0013000000LBLjL,500ed00000RDIUDAA5,Centrica Plc,Used,M100,Approved
0013y00001epNaIAAU,0013y00001epNaI,500ed00000IP7OyAAL,Collinson - Lifestyle X,Used,M100,Approved
0013000001KbGH4AAN,0013000001KbGH4,500ed00000IffEXAAZ,Deloitte Global Services Limited,Activated,M100,Approved
0013y00001d7RG1AAM,0013y00001d7RG1,500ed00000WEp3RAAT,Formula 1 Management Limited,Purchased SKU,M100,Approved
0013y00001d7RG1AAM,0013y00001d7RG1,500ed00000WEp3RAAT,Formula 1 Management Limited,Purchased SKU,M100,Approved
0013y00001caj6qAAA,0013y00001caj6q,500ed00000JUu3VAAT,LIV Golf Ltd,Created,M100,Approved
0013y00001Z1HEVAA3,0013y00001Z1HEV,500ed00000IV0XeAAL,Paymentsense Limited (t/a Dojo),Purchased SKU,M100,Exited Early
0013000000roJaiAAE,0013000000roJai,500ed00000EcRH2AAN,Secret Escapes Ltd,Consistently Using,M100,Approved
0013000000FLKiBAAX,0013000000FLKiB,500ed00000MKlW2AAL,Unilever UK Central Resources Ltd (ENT),Used,M100,Approved
0010M00001VMZydQAH,0010M00001VMZyd,500ed00000JknMDAAZ,Zurich Life Assurance Plc,Created,M100,Exited Early
